-0.300128,-0.363992,-0.174619,-0.081276,-0.233233,-0.407725,-0.587112,-0.128862,0.183685,-0.292275,-0.326545,-0.018215,-0.060314,0.275970,0.179340,-0.467779,-0.079213,0.304736,0.172689,-0.048475,-0.451968,-0.271300,-0.107430,-0.402730,-0.228580,0.144957,-0.036288,0.185506,0.365157,-0.039828,-0.141486,-0.107069,0.153031,0.344264,-0.193511,-0.439164,-0.000418,-0.226305,-0.021527,0.450869,0.399706,0.498712,0.239706,0.035256,0.022816,0.083367,0.058941,-0.100492,0.176151,0.341317,0.209820,-0.103398,-0.419654,-0.340400,-0.283221,-0.113548,0.340828,0.475612,0.039116,-0.165307,-0.167338,0.150113,0.089622,0.091590,0.424738,0.399712,0.358017,-0.084399
0.386431,0.000000,-0.015968,0.000000,0.009055,0.000000,-0.442674,0.000000,0.349977,0.000000,-0.350829,0.000000,0.112472,0.000000,0.205670,0.000000,0.173287,0.000000,-0.071084,0.000000,-0.240650,0.000000,0.263404,0.000000,-0.002167,-0.000000,-0.432022,0.000000,0.376510,0.000000,-0.384602,0.000000,0.100117,0.000000,0.013609,0.000000,0.377934,0.000000,-0.094519,0.000000,-0.125833,0.000000,0.111928,0.000000,-0.053433,0.000000,0.168871,0.000000,-0.344543,0.000000,0.191069,0.000000,-0.311460,0.000000,0.228361,0.000000,0.003361,0.000000,0.120617,0.000000,-0.316799,0.000000,-0.068430,0.000000,0.309506,0.000000,0.010370,0.000000
0.490104,0.349771,0.026259,-0.326276,-0.290643,-0.091381,-0.356220,0.072653,0.616909,0.417732,0.077426,0.264408,-0.086365,-0.386367,-0.058793,0.062327,0.263958,0.178911,0.167746,0.022229,0.096992,0.318360,0.137470,0.179671,-0.000289,-0.177734,-0.206450,-0.236759,-0.230682,-0.170111,0.033491,0.225329,-0.166178,-0.442111,0.082292,0.447416,0.506154,0.305968,0.200122,-0.049099,-0.209103,-0.291262,-0.340627,-0.408486,-0.328463,-0.286908,-0.166035,-0.157897,-0.580927,-0.481183,0.072542,0.478485,0.226797,0.355798,0.501341,0.109488,0.003921,-0.092966,0.193382,0.343265,-0.026025,0.067376,-0.061978,0.131151,0.151596,-0.112759,-0.001334,0.065083
0.285647,0.000000,0.044990,0.000000,-0.172683,0.000000,-0.251038,0.000000,0.393456,0.000000,-0.176460,0.000000,-0.163244,0.000000,0.000784,0.000000,0.113392,0.000000,0.205436,0.000000,0.094046,-0.000000,-0.486495,0.000000,-0.000349,0.000000,0.433615,0.000000,-0.431003,0.000000,0.396367,0.000000,-0.215692,0.000000,0.145670,0.000000,-0.119010,0.000000,0.237894,0.000000,0.047988,0.000000,-0.093434,0.000000,0.091900,0.000000,-0.056136,0.000000,-0.178231,0.000000,-0.043286,0.000000,-0.069229,0.000000,0.309035,0.000000,-0.012042,0.000000,0.015847,0.000000,-0.145892,0.000000,-0.254052,0.000000,-0.024705,0.000000,0.034637,0.000000
0.222408,-0.425704,-0.025678,0.191006,0.083481,0.483477,-0.029590,-0.130808,0.285934,-0.188616,-0.493323,-0.144680,0.049694,0.355635,0.509250,0.418575,0.285722,-0.092400,-0.120370,-0.354119,-0.420860,-0.138479,-0.370773,-0.138160,0.087122,0.227048,0.639674,0.245205,-0.176110,0.183734,0.384604,-0.171232,-0.051494,0.486957,0.124825,-0.117900,-0.177397,-0.121429,-0.028110,-0.401767,-0.267396,-0.204993,0.059768,0.447640,0.230742,0.155783,0.072274,-0.045828,-0.027494,0.281118,0.230180,-0.274115,-0.556042,-0.473934,-0.094982,-0.107242,-0.332565,-0.338588,-0.013195,-0.124738,-0.273250,0.006456,-0.284725,-0.110130,0.100599,0.118986,0.293744,0.423747
0.358899,0.000000,0.138351,-0.000000,-0.334839,0.000000,-0.160812,0.000000,0.497836,-0.000000,-0.476889,0.000000,0.051677,0.000000,0.243505,0.000000,0.131878,0.000000,0.000343,0.000000,-0.443168,0.000000,0.021587,0.000000,0.085705,0.000000,0.373480,0.000000,-0.350156,0.000000,0.360340,0.000000,-0.203022,0.000000,-0.265078,0.000000,0.003544,0.000000,0.229082,0.000000,0.023981,0.000000,-0.029677,-0.000000,-0.233840,0.000000,0.090728,0.000000,-0.112047,0.000000,0.496643,0.000000,-0.294806,0.000000,0.082176,0.000000,-0.207259,0.000000,0.421088,-0.000000,-0.282328,0.000000,-0.211723,0.000000,0.217047,0.000000,0.010119,0.000000
0.285531,0.207896,0.288916,-0.202030,-0.581241,-0.194610,0.137051,0.233158,0.136834,-0.241634,-0.220410,0.132032,0.066618,0.068536,0.230770,-0.088395,-0.050292,-0.192055,-0.166788,-0.048429,-0.194977,0.009744,-0.036008,-0.047212,-0.299850,-0.459962,0.020956,0.171680,-0.121478,0.004750,0.252432,-0.169261,-0.236858,-0.089391,-0.161686,0.015250,-0.005555,0.115987,0.252095,0.413174,0.394628,0.376807,-0.021231,-0.424229,-0.416010,-0.355361,0.039826,0.441168,0.331902,0.217659,0.287786,0.116701,0.094003,0.021805,0.032101,0.312759,0.438499,0.387140,0.151662,-0.201039,-0.222887,-0.020125,-0.226663,-0.302387,-0.330185,-0.452051,-0.349179,-0.165941
-0.000349,0.000000,0.433615,0.000000,-0.431003,0.000000,0.396367,-0.000000,-0.215692,0.000000,0.145670,-0.000000,-0.119010,0.000000,0.237894,0.000000,0.047988,0.000000,-0.093434,0.000000,0.091900,0.000000,-0.056136,0.000000,-0.178231,0.000000,-0.043286,0.000000,-0.069229,0.000000,0.309035,0.000000,-0.012042,0.000000,0.015847,0.000000,-0.145892,-0.000000,-0.254052,0.000000,-0.024705,0.000000,0.034637,0.000000,0.181409,0.000000,-0.096885,0.000000,0.117024,-0.000000,-0.255433,0.000000,0.344307,0.000000,-0.352538,0.000000,0.384357,-0.000000,-0.303866,0.000000,0.057717,0.000000,0.080908,0.000000,-0.122979,0.000000,-0.090484,0.000000
0.277636,0.266340,0.430217,-0.019683,-0.316186,0.147692,0.084826,-0.320715,0.138408,0.427304,0.135024,-0.355993,-0.496474,-0.447380,-0.093069,-0.059606,-0.007739,0.285641,0.273510,0.078075,-0.163818,-0.048520,0.013559,-0.085753,-0.100525,0.004178,-0.341501,-0.395389,-0.147556,-0.277424,0.013965,0.360162,0.094229,-0.383367,-0.148759,0.105905,-0.195757,-0.437520,-0.599459,-0.108424,-0.028221,0.027421,0.356277,0.208210,0.059595,0.001132,-0.242485,-0.473880,-0.271049,-0.352168,-0.315043,-0.039532,0.088639,0.002033,-0.148425,0.184170,0.169921,-0.400198,-0.507391,-0.018120,-0.073015,-0.104493,0.179007,0.034953,0.026765,0.410675,0.095618,-0.326707
0.214576,0.000000,0.180163,0.000000,-0.329377,0.000000,-0.053691,0.000000,0.385918,0.000000,0.053065,0.000000,-0.070565,0.000000,0.082954,0.000000,-0.289502,0.000000,0.276739,0.000000,-0.449091,0.000000,0.217527,0.000000,0.058755,0.000000,-0.248505,0.000000,0.446929,0.000000,-0.363844,0.000000,0.223706,0.000000,-0.035903,0.000000,0.085993,0.000000,-0.398922,0.000000,0.049266,0.000000,0.442285,-0.000000,-0.271563,0.000000,0.084663,0.000000,0.166925,0.000000,0.017045,0.000000,-0.129529,0.000000,-0.130516,0.000000,0.171512,0.000000,-0.292598,0.000000,-0.081135,0.000000,0.346646,0.000000,-0.269119,0.000000,0.197752,0.000000
0.119802,-0.010688,0.159449,0.030171,-0.407301,-0.091326,0.219705,0.369851,0.280496,-0.374941,-0.172413,0.306425,0.131155,0.080141,0.321368,0.093722,-0.252526,-0.362338,-0.118507,-0.080850,-0.127782,0.191423,0.306258,0.493068,0.477247,0.125934,-0.261523,0.048616,0.256275,-0.200523,-0.485610,-0.465609,-0.205532,0.079344,0.100458,-0.289455,-0.075600,0.416106,-0.020541,-0.281972,-0.092647,0.083316,0.190807,-0.229979,-0.298263,0.303937,0.418657,0.399448,0.572854,0.137049,-0.208611,-0.299753,-0.182629,-0.020638,-0.168465,-0.352702,0.040961,0.246067,-0.094193,-0.012325,-0.048851,0.126273,0.331660,0.018889,-0.479751,-0.416673,0.033217,0.366491
-0.071463,0.000000,0.119252,0.000000,-0.424070,0.000000,0.214576,0.000000,0.180163,0.000000,-0.329377,0.000000,-0.053691,0.000000,0.385918,0.000000,0.053065,0.000000,-0.070565,0.000000,0.082954,-0.000000,-0.289502,0.000000,0.276739,0.000000,-0.449091,0.000000,0.217527,0.000000,0.058755,0.000000,-0.248505,0.000000,0.446929,0.000000,-0.363844,0.000000,0.223706,0.000000,-0.035903,0.000000,0.085993,0.000000,-0.398922,0.000000,0.049266,0.000000,0.442285,0.000000,-0.271563,0.000000,0.084663,0.000000,0.166925,0.000000,0.017045,0.000000,-0.129529,0.000000,-0.130516,0.000000,0.171512,0.000000,-0.292598,0.000000,-0.081135,0.000000
-0.131677,-0.287972,-0.077000,0.378564,-0.072406,-0.323013,-0.076773,-0.009205,0.124790,-0.007371,-0.434018,-0.132367,0.070269,0.277330,0.476600,-0.152333,-0.250355,-0.129879,-0.078880,-0.041978,0.006121,-0.195660,-0.330290,-0.192463,-0.073722,-0.102190,-0.166666,0.348465,0.396021,0.054538,-0.071619,0.036069,-0.011382,0.270808,0.449754,-0.164874,-0.405352,-0.012867,0.196125,-0.016340,-0.235429,-0.134373,0.280758,0.439688,-0.002223,-0.253522,-0.377316,-0.148465,0.415128,0.051674,-0.194248,0.308965,0.439192,0.065515,-0.035760,-0.146127,0.048423,-0.000124,-0.014421,0.449325,-0.029818,-0.232735,0.134043,-0.029590,0.029340,0.242518,-0.031175,0.111105
0.446929,0.000000,-0.363844,0.000000,0.223706,0.000000,-0.035903,0.000000,0.085993,0.000000,-0.398922,0.000000,0.049266,0.000000,0.442285,0.000000,-0.271563,0.000000,0.084663,0.000000,0.166925,0.000000,0.017045,0.000000,-0.129529,0.000000,-0.130516,0.000000,0.171512,0.000000,-0.292598,0.000000,-0.081135,0.000000,0.346646,0.000000,-0.269119,0.000000,0.197752,0.000000,-0.284242,0.000000,0.170209,0.000000,0.208310,0.000000,-0.401910,0.000000,0.484761,-0.000000,-0.477572,0.000000,0.419239,0.000000,-0.157834,0.000000,0.226051,0.000000,-0.348514,0.000000,-0.145712,0.000000,0.358899,0.000000,0.138351,-0.000000,-0.334839,0.000000
0.183812,0.256326,-0.186502,-0.463239,-0.095494,0.332788,0.235207,0.003320,0.147640,-0.002343,-0.424883,-0.046591,0.208018,-0.071400,-0.040229,0.026228,0.122891,0.071878,-0.004047,-0.006801,0.270058,0.153941,-0.000477,0.176572,0.069993,0.238656,-0.003628,-0.474294,0.031863,0.228156,0.022308,0.443897,0.022936,-0.156079,0.451503,0.214603,-0.316782,-0.102159,0.284414,0.421559,0.257709,0.134596,0.171434,-0.093816,0.081983,0.049129,-0.432297,-0.068645,0.117703,-0.202297,-0.222045,0.150076,0.597968,0.253141,0.108968,0.472785,0.518755,-0.021665,-0.277401,0.018398,-0.145038,0.102316,0.407477,0.350195,0.217486,-0.282656,-0.537577,-0.481640
-0.269119,0.000000,0.197752,0.000000,-0.284242,0.000000,0.170209,0.000000,0.208310,0.000000,-0.401910,0.000000,0.484761,-0.000000,-0.477572,0.000000,0.419239,0.000000,-0.157834,0.000000,0.226051,0.000000,-0.348514,0.000000,-0.145712,0.000000,0.358899,0.000000,0.138351,-0.000000,-0.334839,0.000000,-0.160812,0.000000,0.497836,0.000000,-0.476889,0.000000,0.051677,0.000000,0.243505,0.000000,0.131878,0.000000,0.000343,0.000000,-0.443168,0.000000,0.021587,0.000000,0.085705,0.000000,0.373480,-0.000000,-0.350156,0.000000,0.360340,0.000000,-0.203022,0.000000,-0.265078,0.000000,0.003544,0.000000,0.229082,0.000000,0.023981,0.000000
-0.367582,-0.454416,0.103395,0.493130,-0.012738,-0.000525,-0.096480,-0.453372,-0.063664,0.229781,0.144876,-0.034763,-0.088028,-0.331249,-0.517075,-0.307504,-0.050328,-0.005133,0.258522,0.258922,0.199876,0.197105,-0.268613,-0.174094,0.064480,0.231719,0.537457,0.474178,0.136711,-0.122911,-0.313278,-0.473842,-0.272497,0.261790,0.557782,0.249381,-0.267353,-0.350111,-0.086486,-0.012645,-0.233363,-0.489630,-0.109379,0.099525,0.084334,-0.055637,-0.454549,-0.170351,0.160549,0.366662,0.040420,-0.446546,-0.263101,-0.126899,-0.076521,0.019201,0.215453,0.203358,0.069800,-0.198114,-0.249920,-0.021340,-0.142725,0.089730,0.465006,0.499202,0.516966,0.497269
0.023981,0.000000,-0.029677,-0.000000,-0.233840,0.000000,0.090728,0.000000,-0.112047,0.000000,0.496643,0.000000,-0.294806,0.000000,0.082176,0.000000,-0.207259,0.000000,0.421088,0.000000,-0.282328,0.000000,-0.211723,0.000000,0.217047,0.000000,0.010119,0.000000,-0.216196,0.000000,0.305035,0.000000,-0.172131,0.000000,0.106557,0.000000,0.042913,0.000000,0.138107,0.000000,-0.207957,0.000000,0.039467,0.000000,0.124437,0.000000,-0.239942,0.000000,0.103201,0.000000,0.075020,0.000000,-0.326238,0.000000,0.304812,-0.000000,-0.151994,0.000000,0.337377,0.000000,-0.015310,-0.000000,-0.357384,0.000000,0.111998,0.000000,0.013480,0.000000
0.225985,0.001831,-0.241821,-0.253329,-0.005096,0.121083,0.022066,-0.039196,-0.008960,-0.122161,0.027969,0.138013,0.309462,0.310669,0.181986,0.054051,-0.055387,0.014990,0.082712,0.125568,0.039265,-0.223845,-0.501292,-0.302907,-0.311844,-0.490573,-0.159276,-0.046117,-0.002532,0.328712,0.416960,0.080920,-0.324065,-0.132850,0.093917,-0.000449,0.139515,0.056401,-0.056552,0.021765,-0.055561,0.128761,0.245531,-0.063085,0.100194,0.085971,-0.097273,0.029990,0.029359,-0.157427,0.053907,0.479722,0.180646,-0.068929,-0.277415,-0.341622,-0.379131,-0.482173,-0.189698,-0.293353,-0.401245,-0.245322,-0.210064,-0.264350,-0.272860,-0.029524,-0.134612,-0.476886
-0.072282,0.000000,-0.202468,0.000000,0.355894,0.000000,-0.128483,0.000000,0.255484,0.000000,-0.456558,0.000000,0.465048,0.000000,-0.082924,0.000000,0.027444,0.000000,-0.396221,0.000000,0.459134,-0.000000,-0.264108,0.000000,-0.047256,0.000000,0.208020,0.000000,-0.071463,0.000000,0.119252,0.000000,-0.424070,0.000000,0.214576,0.000000,0.180163,0.000000,-0.329377,0.000000,-0.053691,0.000000,0.385918,0.000000,0.053065,0.000000,-0.070565,0.000000,0.082954,-0.000000,-0.289502,0.000000,0.276739,0.000000,-0.449091,0.000000,0.217527,0.000000,0.058755,0.000000,-0.248505,0.000000,0.446929,0.000000,-0.363844,0.000000,0.223706,0.000000
-0.121508,0.368704,0.151126,-0.210630,-0.071584,-0.019314,0.027851,0.005748,0.086854,0.196718,0.021109,0.131849,0.270896,-0.263415,-0.273208,0.201834,0.483358,0.252677,-0.348101,-0.075086,0.301138,-0.201012,-0.311359,0.000237,0.235930,0.292827,0.088251,0.024168,-0.207497,-0.221988,0.094979,-0.066204,-0.207529,-0.063135,-0.099254,-0.015110,0.080075,0.155909,0.068732,-0.186904,-0.246063,0.225358,0.327533,-0.007886,0.324077,0.359470,0.385536,0.350290,0.095892,-0.241804,-0.638994,-0.303515,-0.001133,0.002924,-0.025674,0.309115,0.612995,0.325869,0.251779,0.469090,0.378789,0.176655,0.357807,0.295052,-0.217382,-0.100893,0.239341,0.352326
-0.081135,0.000000,0.346646,0.000000,-0.269119,0.000000,0.197752,0.000000,-0.284242,0.000000,0.170209,0.000000,0.208310,0.000000,-0.401910,0.000000,0.484761,-0.000000,-0.477572,0.000000,0.419239,0.000000,-0.157834,0.000000,0.226051,-0.000000,-0.348514,0.000000,-0.145712,0.000000,0.358899,0.000000,0.138351,-0.000000,-0.334839,0.000000,-0.160812,0.000000,0.497836,-0.000000,-0.476889,0.000000,0.051677,0.000000,0.243505,0.000000,0.131878,0.000000,0.000343,0.000000,-0.443168,0.000000,0.021587,0.000000,0.085705,0.000000,0.373480,0.000000,-0.350156,0.000000,0.360340,0.000000,-0.203022,-0.000000,-0.265078,0.000000,0.003544,0.000000
0.071552,-0.090907,0.510798,0.456350,-0.124476,-0.446555,0.097997,0.492001,-0.107931,-0.351340,-0.315309,-0.247019,0.371041,0.424896,-0.181483,-0.257468,0.153201,-0.176376,-0.529437,0.051632,0.588936,0.241953,0.028573,0.055951,0.045775,-0.217896,-0.527452,-0.092274,0.114191,0.007234,0.038626,-0.024772,-0.104359,-0.275041,-0.216463,-0.031066,0.004133,0.271606,0.364797,-0.159099,-0.534459,-0.008861,0.164270,0.071147,0.032798,-0.429219,-0.294522,0.037674,0.006631,0.028936,0.109028,0.246369,0.159394,-0.002235,-0.198898,-0.410701,0.031032,0.016330,-0.301729,0.019870,0.254087,-0.148774,-0.572842,-0.344798,-0.380585,-0.368823,-0.338779,-0.371035
-0.068430,0.000000,0.309506,0.000000,0.010370,0.000000,-0.047204,0.000000,-0.072282,0.000000,-0.202468,0.000000,0.355894,-0.000000,-0.128483,0.000000,0.255484,0.000000,-0.456558,0.000000,0.465048,0.000000,-0.082924,0.000000,0.027444,0.000000,-0.396221,0.000000,0.459134,0.000000,-0.264108,0.000000,-0.047256,0.000000,0.208020,0.000000,-0.071463,0.000000,0.119252,0.000000,-0.424070,0.000000,0.214576,0.000000,0.180163,0.000000,-0.329377,0.000000,-0.053691,0.000000,0.385918,0.000000,0.053065,0.000000,-0.070565,0.000000,0.082954,-0.000000,-0.289502,0.000000,0.276739,0.000000,-0.449091,0.000000,0.217527,0.000000,0.058755,0.000000
-0.095417,0.058075,0.122853,-0.466181,-0.251786,0.304777,0.299093,-0.043743,-0.182930,0.054031,0.070231,0.231183,0.096259,-0.475467,-0.340742,0.045445,0.192372,0.174298,-0.165193,-0.352195,-0.116839,-0.312585,-0.197825,0.271725,0.175081,-0.011827,-0.348528,-0.233891,0.338081,0.225924,0.284790,0.424330,0.175661,0.026445,-0.130875,-0.442467,-0.587167,-0.442009,0.004189,-0.004218,-0.468949,-0.071116,-0.036572,-0.497410,0.052538,0.204905,-0.337172,-0.076409,0.035279,-0.112992,-0.178021,-0.353750,0.027949,-0.029849,0.126195,0.368773,0.105280,-0.250222,-0.600211,-0.218024,0.149893,-0.108905,-0.412319,0.084186,0.436476,0.458767,0.364191,0.005191
-0.255433,0.000000,0.344307,0.000000,-0.352538,0.000000,0.384357,-0.000000,-0.303866,0.000000,0.057717,0.000000,0.080908,0.000000,-0.122979,0.000000,-0.090484,0.000000,0.304069,0.000000,-0.033946,0.000000,-0.271866,0.000000,0.062820,0.000000,-0.055118,0.000000,0.224995,0.000000,0.183433,0.000000,-0.052196,0.000000,-0.053747,0.000000,-0.218396,0.000000,0.335353,0.000000,-0.438494,0.000000,0.280806,0.000000,0.217417,-0.000000,-0.473464,0.000000,0.313649,0.000000,-0.275218,0.000000,0.386431,0.000000,-0.015968,0.000000,0.009055,0.000000,-0.442674,0.000000,0.349977,0.000000,-0.350829,0.000000,0.112472,0.000000,0.205670,0.000000
-0.261454,0.155438,0.288836,0.343004,0.027041,0.060071,0.109406,-0.454697,-0.395222,-0.055862,-0.002838,0.022146,0.111799,0.354384,0.157942,-0.006250,-0.130459,-0.052137,0.481379,0.214182,-0.056327,0.001916,-0.256775,-0.325776,-0.236689,-0.003163,0.235565,0.108323,0.024455,-0.002079,-0.075897,-0.121424,0.253778,0.464128,0.454542,0.488585,0.083644,0.113296,0.338491,-0.076702,-0.241681,0.203966,0.544594,0.497859,0.248441,-0.261307,-0.271010,0.054645,0.072284,-0.015769,0.082657,0.416834,0.435790,-0.056122,-0.355397,-0.398763,0.060571,0.407649,-0.110851,-0.261698,-0.030062,0.177835,0.194627,0.257436,0.120660,0.023406,0.427307,0.288162
-0.203022,-0.000000,-0.265078,0.000000,0.003544,0.000000,0.229082,0.000000,0.023981,0.000000,-0.029677,-0.000000,-0.233840,0.000000,0.090728,0.000000,-0.112047,0.000000,0.496643,0.000000,-0.294806,0.000000,0.082176,0.000000,-0.207259,0.000000,0.421088,-0.000000,-0.282328,0.000000,-0.211723,0.000000,0.217047,0.000000,0.010119,0.000000,-0.216196,0.000000,0.305035,0.000000,-0.172131,0.000000,0.106557,0.000000,0.042913,0.000000,0.138107,-0.000000,-0.207957,0.000000,0.039467,0.000000,0.124437,0.000000,-0.239942,0.000000,0.103201,0.000000,0.075020,0.000000,-0.326238,0.000000,0.304812,0.000000,-0.151994,0.000000,0.337377,0.000000
-0.344645,-0.439211,-0.481541,-0.286238,-0.334577,0.009760,0.485839,0.273702,0.015659,-0.002258,-0.285573,-0.491954,-0.209923,0.097928,0.282882,0.448570,0.132939,-0.189896,0.002536,0.122395,0.268667,0.495170,0.408089,0.058669,-0.054203,0.369560,0.303478,-0.130002,-0.044038,-0.061664,-0.196337,-0.172352,-0.237452,-0.449035,-0.256444,-0.156926,-0.164669,0.333285,0.517434,0.119810,-0.414657,-0.327903,-0.251725,-0.499632,-0.199218,-0.000472,-0.212050,-0.313230,0.062847,0.199952,-0.076857,-0.029291,0.148455,-0.021943,0.086494,0.470776,0.106976,-0.446017,-0.239238,0.291442,0.111080,0.207691,0.372989,-0.208810,-0.556845,-0.481323,-0.174765,-0.290247
-0.082924,0.000000,0.027444,0.000000,-0.396221,0.000000,0.459134,0.000000,-0.264108,0.000000,-0.047256,0.000000,0.208020,0.000000,-0.071463,0.000000,0.119252,0.000000,-0.424070,0.000000,0.214576,0.000000,0.180163,0.000000,-0.329377,0.000000,-0.053691,0.000000,0.385918,0.000000,0.053065,0.000000,-0.070565,0.000000,0.082954,-0.000000,-0.289502,0.000000,0.276739,0.000000,-0.449091,0.000000,0.217527,0.000000,0.058755,0.000000,-0.248505,0.000000,0.446929,0.000000,-0.363844,0.000000,0.223706,0.000000,-0.035903,0.000000,0.085993,0.000000,-0.398922,0.000000,0.049266,0.000000,0.442285,0.000000,-0.271563,0.000000,0.084663,0.000000
0.176116,0.402404,0.281116,-0.073287,-0.184076,-0.071932,0.237332,0.158545,-0.168359,0.009496,0.154722,0.083800,0.123611,-0.042431,-0.358494,-0.171072,0.346556,0.368423,-0.280680,-0.121111,0.072564,-0.048454,0.061822,-0.021675,-0.109835,-0.246552,-0.036595,0.321572,0.322212,0.062767,0.278741,0.329722,0.321369,0.437013,0.295144,-0.098549,-0.372275,-0.011955,0.172438,-0.110977,-0.450078,-0.028628,0.208663,0.000066,0.278612,0.495042,0.152900,-0.061353,0.146003,0.223230,-0.198350,-0.187655,0.407369,0.469182,-0.018016,-0.479683,0.001987,0.444869,-0.163430,-0.300524,-0.307055,-0.160384,0.415185,0.192574,-0.103797,-0.000122,0.245849,0.151673
0.112472,0.000000,0.205670,0.000000,0.173287,0.000000,-0.071084,-0.000000,-0.240650,0.000000,0.263404,0.000000,-0.002167,0.000000,-0.432022,0.000000,0.376510,0.000000,-0.384602,0.000000,0.100117,0.000000,0.013609,0.000000,0.377934,0.000000,-0.094519,0.000000,-0.125833,0.000000,0.111928,0.000000,-0.053433,0.000000,0.168871,0.000000,-0.344543,0.000000,0.191069,0.000000,-0.311460,0.000000,0.228361,0.000000,0.003361,0.000000,0.120617,0.000000,-0.316799,0.000000,-0.068430,0.000000,0.309506,0.000000,0.010370,0.000000,-0.047204,-0.000000,-0.072282,0.000000,-0.202468,0.000000,0.355894,0.000000,-0.128483,0.000000,0.255484,0.000000
-0.191166,-0.430917,0.067090,0.489943,0.288155,-0.258433,-0.507112,-0.392110,-0.175299,0.363297,0.458771,-0.055805,-0.140409,0.046272,-0.249472,-0.310946,-0.161324,-0.103970,-0.024892,0.268579,0.088772,-0.399462,-0.284436,0.218891,0.613123,0.144659,-0.284260,-0.141088,-0.136821,-0.425960,-0.465954,-0.460041,-0.236573,-0.185724,-0.065920,0.233526,-0.235667,-0.214606,0.170622,0.005883,-0.003341,0.160545,0.269038,0.484008,0.022148,-0.282260,0.272819,0.209444,-0.326653,-0.069063,0.030079,0.145975,0.348594,-0.001799,0.264818,0.389187,-0.027879,-0.398083,-0.364122,0.185288,-0.054453,-0.113313,0.156007,-0.016271,0.276933,0.325140,0.272389,0.314311
-0.129529,0.000000,-0.130516,0.000000,0.171512,0.000000,-0.292598,0.000000,-0.081135,0.000000,0.346646,0.000000,-0.269119,0.000000,0.197752,0.000000,-0.284242,0.000000,0.170209,0.000000,0.208310,0.000000,-0.401910,0.000000,0.484761,-0.000000,-0.477572,0.000000,0.419239,0.000000,-0.157834,0.000000,0.226051,-0.000000,-0.348514,0.000000,-0.145712,0.000000,0.358899,0.000000,0.138351,0.000000,-0.334839,0.000000,-0.160812,0.000000,0.497836,0.000000,-0.476889,0.000000,0.051677,0.000000,0.243505,0.000000,0.131878,0.000000,0.000343,0.000000,-0.443168,0.000000,0.021587,0.000000,0.085705,0.000000,0.373480,0.000000,-0.350156,0.000000
0.109457,0.464030,0.247112,-0.044727,0.247162,0.273494,-0.137326,0.230948,0.004670,-0.140125,0.342576,0.045016,-0.411246,-0.167386,0.435152,0.443570,-0.201675,-0.346986,-0.018841,-0.006575,0.264015,0.445305,0.212448,0.143608,0.274261,-0.127835,-0.478346,-0.257850,0.189929,0.126568,-0.001031,0.085341,-0.083695,-0.300551,-0.335989,0.020373,0.008437,0.211440,0.481990,0.084607,0.167202,0.123489,-0.147752,-0.100001,-0.066232,0.274240,0.340492,0.162961,-0.157042,0.024550,-0.120897,-0.352658,-0.209112,-0.490482,-0.186938,0.081612,0.298645,0.398311,-0.074853,0.150584,0.204665,-0.107147,-0.259400,-0.144820,0.370941,0.128866,-0.470029,-0.414902
0.113392,0.000000,0.205436,0.000000,0.094046,-0.000000,-0.486495,0.000000,-0.000349,0.000000,0.433615,0.000000,-0.431003,0.000000,0.396367,-0.000000,-0.215692,0.000000,0.145670,0.000000,-0.119010,0.000000,0.237894,0.000000,0.047988,0.000000,-0.093434,0.000000,0.091900,0.000000,-0.056136,0.000000,-0.178231,0.000000,-0.043286,0.000000,-0.069229,0.000000,0.309035,0.000000,-0.012042,0.000000,0.015847,0.000000,-0.145892,0.000000,-0.254052,0.000000,-0.024705,0.000000,0.034637,0.000000,0.181409,0.000000,-0.096885,0.000000,0.117024,0.000000,-0.255433,0.000000,0.344307,0.000000,-0.352538,0.000000,0.384357,-0.000000,-0.303866,0.000000
0.133062,-0.469065,-0.132035,0.035463,-0.029460,-0.274422,-0.563088,0.033664,0.128199,0.173818,0.626321,0.202924,-0.394127,-0.288613,-0.125209,-0.442834,-0.176839,0.137922,0.057259,-0.186118,-0.451689,-0.468720,-0.131953,0.097436,0.082024,-0.152889,-0.275356,-0.011791,0.086323,0.173672,0.207039,-0.050104,-0.020267,0.456920,0.060157,-0.491072,-0.483443,-0.122343,0.370322,0.383743,0.112547,-0.354917,-0.433428,-0.125875,0.028564,-0.155867,-0.495444,-0.103396,-0.007687,-0.306512,-0.252337,-0.074966,0.316628,0.300762,-0.074277,-0.003917,-0.132402,-0.232200,-0.221961,-0.315189,0.212172,0.256876,-0.130750,0.169002,0.077350,-0.237846,0.074039,0.191955
0.223706,0.000000,-0.035903,0.000000,0.085993,0.000000,-0.398922,0.000000,0.049266,0.000000,0.442285,0.000000,-0.271563,0.000000,0.084663,0.000000,0.166925,0.000000,0.017045,0.000000,-0.129529,0.000000,-0.130516,0.000000,0.171512,0.000000,-0.292598,0.000000,-0.081135,0.000000,0.346646,0.000000,-0.269119,0.000000,0.197752,0.000000,-0.284242,0.000000,0.170209,0.000000,0.208310,0.000000,-0.401910,0.000000,0.484761,-0.000000,-0.477572,0.000000,0.419239,0.000000,-0.157834,0.000000,0.226051,-0.000000,-0.348514,0.000000,-0.145712,0.000000,0.358899,0.000000,0.138351,0.000000,-0.334839,0.000000,-0.160812,0.000000,0.497836,-0.000000
0.088583,0.259877,-0.058384,-0.005904,0.041278,0.163280,0.103828,-0.054537,-0.267066,-0.051971,0.293219,0.144447,0.302870,0.489349,0.549079,0.392268,0.256696,-0.046143,-0.291659,-0.111052,-0.056940,0.105114,0.010476,-0.039350,0.388487,0.271332,0.030799,0.433021,0.309036,-0.094153,0.254699,0.459926,-0.081149,-0.088027,0.240968,0.368666,-0.021030,-0.355566,-0.326120,-0.490864,0.068055,0.448341,-0.045264,0.096882,0.188518,-0.295337,-0.456863,-0.028769,0.518910,0.150706,-0.149167,0.003601,0.006830,-0.298168,-0.631761,-0.409581,-0.070688,-0.007172,0.271019,0.472638,0.209827,0.020388,-0.041625,0.014153,0.072848,0.282236,0.236704,-0.090468
0.138351,-0.000000,-0.334839,0.000000,-0.160812,0.000000,0.497836,-0.000000,-0.476889,0.000000,0.051677,0.000000,0.243505,0.000000,0.131878,0.000000,0.000343,0.000000,-0.443168,0.000000,0.021587,0.000000,0.085705,0.000000,0.373480,-0.000000,-0.350156,0.000000,0.360340,0.000000,-0.203022,-0.000000,-0.265078,0.000000,0.003544,0.000000,0.229082,0.000000,0.023981,0.000000,-0.029677,-0.000000,-0.233840,0.000000,0.090728,0.000000,-0.112047,0.000000,0.496643,0.000000,-0.294806,0.000000,0.082176,0.000000,-0.207259,0.000000,0.421088,0.000000,-0.282328,0.000000,-0.211723,0.000000,0.217047,0.000000,0.010119,0.000000,-0.216196,0.000000
0.270485,-0.256876,-0.556627,-0.169002,0.146194,0.237846,0.119930,-0.191955,-0.244179,0.122771,-0.085993,-0.427340,-0.375420,-0.444026,-0.234464,-0.066297,0.073486,-0.091143,-0.377857,-0.187456,-0.121306,0.195124,-0.022743,-0.389134,-0.122815,-0.174858,-0.136776,0.026467,0.357965,0.145691,-0.285502,-0.461477,-0.569291,-0.358282,-0.450895,-0.328656,0.161337,0.086896,-0.027669,0.272280,0.012787,-0.497834,-0.301725,-0.089193,-0.075554,0.320821,0.128858,-0.264707,-0.092272,-0.141262,0.023615,0.096868,0.289364,0.415652,0.120915,0.024382,0.009253,0.015709,-0.196546,-0.476450,-0.553561,-0.068120,0.110971,-0.039458,-0.156749,-0.489827,-0.189774,0.153187
0.344307,0.000000,-0.352538,0.000000,0.384357,0.000000,-0.303866,0.000000,0.057717,0.000000,0.080908,0.000000,-0.122979,0.000000,-0.090484,0.000000,0.304069,0.000000,-0.033946,0.000000,-0.271866,0.000000,0.062820,0.000000,-0.055118,0.000000,0.224995,0.000000,0.183433,0.000000,-0.052196,0.000000,-0.053747,0.000000,-0.218396,0.000000,0.335353,0.000000,-0.438494,0.000000,0.280806,0.000000,0.217417,0.000000,-0.473464,0.000000,0.313649,0.000000,-0.275218,0.000000,0.386431,0.000000,-0.015968,0.000000,0.009055,0.000000,-0.442674,0.000000,0.349977,0.000000,-0.350829,0.000000,0.112472,0.000000,0.205670,0.000000,0.173287,0.000000
0.061581,0.045807,-0.008265,0.176810,0.383191,-0.000221,0.029847,0.269736,-0.182690,-0.206337,0.053185,0.232148,0.288637,0.034490,-0.265359,-0.043721,0.548755,0.440795,0.098839,0.006521,0.019480,0.158634,0.264129,0.425813,0.429692,0.250794,0.115769,-0.292238,-0.287389,-0.372539,-0.083818,0.165198,0.065264,0.075212,-0.183986,-0.046557,0.328062,0.410615,0.053063,0.203234,0.450428,0.107781,0.226726,0.140297,-0.146997,0.023326,0.332937,0.474789,0.138279,0.331040,0.485562,0.278359,-0.022779,-0.342586,-0.122190,-0.092259,-0.212884,0.206049,0.575311,0.477571,-0.011758,0.105174,0.064501,-0.432949,-0.137022,0.305773,0.502591,0.141765
0.000784,0.000000,0.113392,0.000000,0.205436,0.000000,0.094046,0.000000,-0.486495,0.000000,-0.000349,0.000000,0.433615,0.000000,-0.431003,0.000000,0.396367,0.000000,-0.215692,0.000000,0.145670,-0.000000,-0.119010,0.000000,0.237894,0.000000,0.047988,0.000000,-0.093434,0.000000,0.091900,0.000000,-0.056136,0.000000,-0.178231,0.000000,-0.043286,0.000000,-0.069229,0.000000,0.309035,0.000000,-0.012042,0.000000,0.015847,0.000000,-0.145892,0.000000,-0.254052,0.000000,-0.024705,0.000000,0.034637,0.000000,0.181409,0.000000,-0.096885,0.000000,0.117024,0.000000,-0.255433,0.000000,0.344307,0.000000,-0.352538,0.000000,0.384357,-0.000000
0.180227,0.334558,0.177994,-0.107809,-0.005825,0.036615,-0.019106,0.085181,-0.158952,0.108116,-0.007531,-0.157465,0.188307,-0.080946,-0.208602,0.191630,0.376840,0.048660,-0.045473,0.331518,0.180295,-0.460905,-0.556976,-0.181500,0.246841,0.052930,-0.176039,-0.149131,0.120323,0.425494,0.199851,-0.198601,-0.208647,-0.039578,0.012481,0.333255,0.052870,-0.488297,-0.533661,-0.475850,-0.110073,0.218534,-0.033056,-0.335425,-0.303878,-0.233061,-0.072711,0.008535,-0.025395,0.011294,-0.205375,-0.345142,-0.214545,-0.064837,-0.027528,0.046768,-0.054462,-0.394159,-0.469812,-0.223994,-0.268492,-0.338363,0.231714,0.240068,-0.270130,0.045675,0.152643,-0.438395
-0.012042,0.000000,0.015847,0.000000,-0.145892,0.000000,-0.254052,0.000000,-0.024705,0.000000,0.034637,0.000000,0.181409,0.000000,-0.096885,0.000000,0.117024,-0.000000,-0.255433,0.000000,0.344307,0.000000,-0.352538,0.000000,0.384357,-0.000000,-0.303866,0.000000,0.057717,0.000000,0.080908,0.000000,-0.122979,0.000000,-0.090484,0.000000,0.304069,0.000000,-0.033946,0.000000,-0.271866,0.000000,0.062820,0.000000,-0.055118,0.000000,0.224995,0.000000,0.183433,0.000000,-0.052196,0.000000,-0.053747,0.000000,-0.218396,0.000000,0.335353,0.000000,-0.438494,0.000000,0.280806,0.000000,0.217417,0.000000,-0.473464,0.000000,0.313649,0.000000
-0.352243,-0.324011,-0.102462,-0.283192,-0.259108,-0.073165,-0.319699,-0.321235,-0.446405,-0.104196,0.113088,-0.054242,0.005791,0.235244,0.114253,-0.022325,-0.094520,-0.489409,-0.299360,-0.027166,0.326262,0.406467,-0.246061,-0.305400,-0.010461,-0.363282,-0.158517,0.352282,-0.091031,-0.160038,0.378129,0.458879,0.064921,0.178544,0.152861,0.117544,0.232638,0.030054,0.281274,0.188507,-0.027532,0.122816,0.243867,0.427931,0.397091,0.309441,0.233771,-0.013461,0.078994,-0.180856,-0.065290,0.447015,0.296430,0.008524,-0.222835,0.075662,0.276254,-0.086868,-0.148783,0.224436,0.332447,0.039034,0.048759,0.157867,-0.231356,-0.078685,0.510064,0.475659
-0.275218,0.000000,0.386431,0.000000,-0.015968,0.000000,0.009055,0.000000,-0.442674,0.000000,0.349977,0.000000,-0.350829,0.000000,0.112472,0.000000,0.205670,0.000000,0.173287,0.000000,-0.071084,0.000000,-0.240650,0.000000,0.263404,0.000000,-0.002167,0.000000,-0.432022,0.000000,0.376510,0.000000,-0.384602,0.000000,0.100117,0.000000,0.013609,0.000000,0.377934,0.000000,-0.094519,0.000000,-0.125833,0.000000,0.111928,0.000000,-0.053433,0.000000,0.168871,0.000000,-0.344543,0.000000,0.191069,0.000000,-0.311460,0.000000,0.228361,0.000000,0.003361,0.000000,0.120617,0.000000,-0.316799,0.000000,-0.068430,0.000000,0.309506,0.000000
0.403145,0.356695,0.482578,0.398490,-0.063142,-0.345563,-0.178038,-0.020352,-0.066398,0.216838,0.602815,0.433379,0.134833,0.093069,-0.234299,-0.187643,0.120611,0.223545,0.299070,-0.232306,-0.438608,-0.142822,0.226635,0.440376,0.202626,-0.082836,0.068407,0.076145,-0.147869,0.179148,0.367891,-0.057769,-0.205838,-0.017292,-0.204685,-0.398762,-0.066631,0.159990,0.188469,-0.104850,-0.414288,-0.450975,-0.310616,-0.001139,0.029527,0.017494,-0.051777,-0.376650,-0.028644,0.162533,-0.131602,-0.097040,0.210101,0.472065,0.098808,0.291064,0.436947,0.379175,-0.003299,-0.423772,-0.081417,-0.041088,-0.198716,0.057340,0.161290,0.216646,0.059428,-0.151863
0.393456,0.000000,-0.176460,0.000000,-0.163244,0.000000,0.000784,0.000000,0.113392,0.000000,0.205436,0.000000,0.094046,-0.000000,-0.486495,0.000000,-0.000349,0.000000,0.433615,0.000000,-0.431003,0.000000,0.396367,0.000000,-0.215692,0.000000,0.145670,-0.000000,-0.119010,0.000000,0.237894,0.000000,0.047988,0.000000,-0.093434,0.000000,0.091900,0.000000,-0.056136,0.000000,-0.178231,0.000000,-0.043286,0.000000,-0.069229,0.000000,0.309035,0.000000,-0.012042,0.000000,0.015847,0.000000,-0.145892,-0.000000,-0.254052,0.000000,-0.024705,0.000000,0.034637,0.000000,0.181409,0.000000,-0.096885,0.000000,0.117024,0.000000,-0.255433,0.000000
0.342613,0.037295,-0.383144,-0.498641,-0.159958,0.086485,-0.039733,0.289823,0.345532,-0.177200,-0.226420,-0.398152,-0.261054,-0.245446,-0.507193,0.113778,0.306730,0.040897,0.064957,-0.080489,-0.420279,-0.281810,0.162768,0.002961,0.097842,0.479877,0.174614,-0.395571,-0.544696,-0.150742,0.199553,0.097378,0.089542,-0.146446,-0.092034,0.385189,0.176717,-0.069964,0.304994,0.350169,0.177902,0.130801,-0.215704,-0.448358,-0.285190,-0.135747,0.133650,0.383514,0.186034,-0.276142,-0.471341,-0.233296,-0.326395,-0.491129,-0.547766,-0.409105,-0.479698,-0.277080,0.164816,0.125145,0.206354,0.469997,0.069271,-0.458277,-0.192943,-0.008729,-0.232348,-0.286526
0.355894,0.000000,-0.128483,0.000000,0.255484,0.000000,-0.456558,0.000000,0.465048,0.000000,-0.082924,0.000000,0.027444,0.000000,-0.396221,0.000000,0.459134,0.000000,-0.264108,0.000000,-0.047256,0.000000,0.208020,0.000000,-0.071463,0.000000,0.119252,0.000000,-0.424070,0.000000,0.214576,0.000000,0.180163,0.000000,-0.329377,0.000000,-0.053691,0.000000,0.385918,0.000000,0.053065,0.000000,-0.070565,0.000000,0.082954,0.000000,-0.289502,0.000000,0.276739,0.000000,-0.449091,0.000000,0.217527,0.000000,0.058755,0.000000,-0.248505,0.000000,0.446929,0.000000,-0.363844,0.000000,0.223706,0.000000,-0.035903,0.000000,0.085993,0.000000
0.066659,-0.065585,-0.154698,0.316694,0.624688,0.300688,-0.338601,-0.136729,0.282241,0.136047,0.024837,-0.017057,0.248170,0.108018,-0.158360,0.066002,0.312126,0.224949,0.266523,0.460277,0.419070,0.478551,0.323042,-0.209358,-0.316373,-0.007382,0.115425,-0.072087,-0.515649,-0.223681,-0.139930,-0.499117,0.061288,0.438169,-0.083469,-0.396348,-0.236209,0.294421,0.229024,-0.153861,0.284989,0.361269,0.131089,-0.038897,0.076566,0.156279,-0.347154,-0.488803,-0.149148,0.116237,0.174213,0.325386,0.207580,0.000729,0.234873,0.154779,-0.145499,0.259287,0.642712,0.114159,-0.372981,-0.413353,-0.051217,0.059768,-0.238715,-0.105075,0.330091,0.220131
-0.002167,0.000000,-0.432022,0.000000,0.376510,0.000000,-0.384602,0.000000,0.100117,0.000000,0.013609,0.000000,0.377934,0.000000,-0.094519,0.000000,-0.125833,0.000000,0.111928,0.000000,-0.053433,0.000000,0.168871,0.000000,-0.344543,0.000000,0.191069,0.000000,-0.311460,0.000000,0.228361,0.000000,0.003361,0.000000,0.120617,0.000000,-0.316799,0.000000,-0.068430,0.000000,0.309506,0.000000,0.010370,0.000000,-0.047204,0.000000,-0.072282,0.000000,-0.202468,0.000000,0.355894,-0.000000,-0.128483,0.000000,0.255484,0.000000,-0.456558,0.000000,0.465048,0.000000,-0.082924,0.000000,0.027444,0.000000,-0.396221,0.000000,0.459134,-0.000000
0.289684,0.081422,-0.323679,-0.307128,0.030540,0.038904,-0.319217,-0.220454,-0.263628,-0.204450,0.300955,0.436856,0.248217,-0.189874,-0.160464,-0.292018,-0.505825,-0.137241,0.146982,-0.145771,-0.355984,-0.429841,-0.197295,-0.161065,-0.499020,-0.096210,0.404334,0.254676,-0.221433,-0.121973,0.033360,0.007587,0.086413,-0.046142,0.225351,0.447688,-0.041230,-0.332601,-0.380666,0.063769,0.297517,0.007184,0.124202,0.050686,-0.193609,-0.061323,-0.031114,0.125068,0.249081,0.189644,0.126585,-0.345433,-0.248010,0.048462,0.285107,0.183313,-0.215563,0.131620,0.344383,-0.184641,-0.311121,0.094413,0.128400,-0.082585,-0.400423,-0.380795,-0.170873,-0.171580
0.309506,0.000000,0.010370,0.000000,-0.047204,0.000000,-0.072282,0.000000,-0.202468,0.000000,0.355894,0.000000,-0.128483,0.000000,0.255484,0.000000,-0.456558,0.000000,0.465048,0.000000,-0.082924,0.000000,0.027444,0.000000,-0.396221,0.000000,0.459134,0.000000,-0.264108,0.000000,-0.047256,0.000000,0.208020,0.000000,-0.071463,0.000000,0.119252,0.000000,-0.424070,0.000000,0.214576,0.000000,0.180163,0.000000,-0.329377,0.000000,-0.053691,0.000000,0.385918,0.000000,0.053065,0.000000,-0.070565,0.000000,0.082954,0.000000,-0.289502,0.000000,0.276739,0.000000,-0.449091,0.000000,0.217527,0.000000,0.058755,0.000000,-0.248505,0.000000
-0.278551,-0.492070,-0.018865,0.487255,0.175145,-0.020531,0.160755,0.105290,0.025342,0.159905,0.219778,-0.092090,0.061968,0.490400,0.373079,0.254326,-0.104572,0.017792,0.139087,-0.239304,-0.098732,-0.056645,0.136212,0.398508,0.116558,0.113805,0.191951,0.066396,0.086119,0.025643,-0.033367,0.307418,0.450761,0.001728,-0.401900,-0.430199,0.066539,0.386309,-0.150993,-0.345134,-0.353273,-0.453008,-0.045563,0.272203,-0.090504,-0.427903,-0.321388,-0.127236,-0.060508,-0.107833,-0.025960,-0.059972,-0.041918,0.101820,0.283617,0.157465,-0.008583,-0.068562,0.030018,-0.095944,-0.369508,-0.140236,-0.047309,0.046486,0.261710,0.082826,-0.215810,0.172553
-0.178231,0.000000,-0.043286,0.000000,-0.069229,0.000000,0.309035,0.000000,-0.012042,0.000000,0.015847,0.000000,-0.145892,-0.000000,-0.254052,0.000000,-0.024705,0.000000,0.034637,0.000000,0.181409,0.000000,-0.096885,0.000000,0.117024,-0.000000,-0.255433,0.000000,0.344307,0.000000,-0.352538,0.000000,0.384357,-0.000000,-0.303866,0.000000,0.057717,0.000000,0.080908,0.000000,-0.122979,0.000000,-0.090484,0.000000,0.304069,0.000000,-0.033946,0.000000,-0.271866,0.000000,0.062820,0.000000,-0.055118,0.000000,0.224995,0.000000,0.183433,0.000000,-0.052196,0.000000,-0.053747,0.000000,-0.218396,0.000000,0.335353,0.000000,-0.438494,0.000000
0.438633,0.314753,-0.126322,-0.441186,-0.439166,-0.395362,-0.103600,0.275348,0.294999,-0.132443,-0.382301,-0.383897,-0.530261,-0.483476,-0.244857,0.039796,0.026441,0.109255,0.139459,0.015774,0.059612,0.346111,0.240946,0.018090,-0.061224,-0.437726,-0.462758,0.097019,0.245575,0.103514,0.128872,0.120850,0.117134,-0.324005,-0.353771,-0.009104,-0.001847,-0.135262,0.074258,0.492372,0.364999,0.083867,-0.319058,-0.182408,0.164968,-0.009253,0.008783,0.002011,-0.372144,-0.225928,0.206793,0.129765,0.014754,0.318704,0.145278,-0.476848,-0.131923,0.065472,0.059390,0.019512,-0.069455,0.294247,0.242646,0.360175,0.667234,0.196654,-0.393633,-0.273862
0.465048,0.000000,-0.082924,0.000000,0.027444,0.000000,-0.396221,0.000000,0.459134,-0.000000,-0.264108,0.000000,-0.047256,0.000000,0.208020,0.000000,-0.071463,0.000000,0.119252,0.000000,-0.424070,0.000000,0.214576,0.000000,0.180163,0.000000,-0.329377,0.000000,-0.053691,0.000000,0.385918,0.000000,0.053065,0.000000,-0.070565,0.000000,0.082954,0.000000,-0.289502,0.000000,0.276739,0.000000,-0.449091,0.000000,0.217527,0.000000,0.058755,0.000000,-0.248505,0.000000,0.446929,0.000000,-0.363844,0.000000,0.223706,0.000000,-0.035903,0.000000,0.085993,0.000000,-0.398922,0.000000,0.049266,0.000000,0.442285,-0.000000,-0.271563,0.000000
0.191196,0.162779,0.052547,-0.055668,-0.093807,-0.036410,-0.287416,-0.051718,0.223499,-0.264488,-0.280310,0.001921,0.001617,0.320435,0.104513,-0.382250,-0.423157,-0.337483,0.207638,0.408513,0.123276,0.078676,-0.112014,-0.465085,-0.194554,-0.050440,-0.494441,-0.390669,-0.075703,-0.042398,-0.128092,-0.161209,0.021853,-0.128957,0.117294,0.216695,-0.077634,0.018547,-0.217017,-0.476728,-0.261538,-0.047869,-0.080212,-0.049896,0.284814,0.417964,0.286822,0.087870,-0.215213,0.172883,0.395201,-0.179387,-0.564407,-0.234754,0.268687,0.435951,0.062519,-0.480679,0.018980,0.259361,-0.041574,0.127497,-0.230439,-0.396991,0.058282,-0.192135,-0.028069,0.409726
0.057717,0.000000,0.080908,0.000000,-0.122979,0.000000,-0.090484,0.000000,0.304069,0.000000,-0.033946,0.000000,-0.271866,0.000000,0.062820,0.000000,-0.055118,0.000000,0.224995,0.000000,0.183433,0.000000,-0.052196,0.000000,-0.053747,0.000000,-0.218396,0.000000,0.335353,0.000000,-0.438494,0.000000,0.280806,0.000000,0.217417,-0.000000,-0.473464,0.000000,0.313649,0.000000,-0.275218,0.000000,0.386431,0.000000,-0.015968,0.000000,0.009055,0.000000,-0.442674,0.000000,0.349977,0.000000,-0.350829,0.000000,0.112472,0.000000,0.205670,0.000000,0.173287,0.000000,-0.071084,0.000000,-0.240650,0.000000,0.263404,0.000000,-0.002167,-0.000000
-0.277444,-0.202748,0.080021,0.001077,0.157613,0.219712,-0.158337,0.027562,0.326184,0.007088,-0.111001,0.080076,-0.016283,-0.227207,0.083426,0.347206,0.121054,-0.059034,-0.250667,-0.224621,-0.047291,-0.403370,-0.302765,0.200865,0.353908,0.448227,0.199156,-0.037188,0.348744,0.226036,-0.062985,0.157573,0.102813,0.007898,0.157143,-0.174433,-0.300116,0.049831,0.116271,0.301083,0.389888,0.377402,0.251534,0.123838,0.120376,0.032765,0.001379,-0.052671,-0.100926,-0.084441,0.300393,0.429768,0.108417,0.263726,0.244905,0.001685,0.315414,0.476906,0.374872,-0.069320,-0.218060,0.048827,0.004319,0.009393,-0.003984,0.030695,-0.076811,-0.410512
-0.438494,0.000000,0.280806,0.000000,0.217417,0.000000,-0.473464,0.000000,0.313649,0.000000,-0.275218,0.000000,0.386431,0.000000,-0.015968,0.000000,0.009055,0.000000,-0.442674,0.000000,0.349977,0.000000,-0.350829,0.000000,0.112472,0.000000,0.205670,0.000000,0.173287,0.000000,-0.071084,0.000000,-0.240650,0.000000,0.263404,0.000000,-0.002167,-0.000000,-0.432022,0.000000,0.376510,0.000000,-0.384602,0.000000,0.100117,0.000000,0.013609,0.000000,0.377934,0.000000,-0.094519,0.000000,-0.125833,0.000000,0.111928,0.000000,-0.053433,0.000000,0.168871,0.000000,-0.344543,0.000000,0.191069,0.000000,-0.311460,0.000000,0.228361,0.000000
-0.457031,-0.075742,0.500250,0.490626,0.386168,0.216287,0.008457,-0.063285,0.283098,0.331143,0.040620,0.382701,0.639744,0.398359,0.238805,0.081738,0.103879,0.311929,0.173076,0.038367,0.314307,0.232042,-0.330903,-0.052164,0.211718,0.018310,0.027123,-0.001064,0.250107,0.167791,-0.199059,-0.151314,0.144157,0.484512,0.362430,0.174167,-0.038839,-0.278661,-0.160289,0.181979,0.339615,-0.127787,-0.330946,-0.118254,-0.148062,0.027742,0.352826,0.377602,0.195935,-0.190569,-0.380176,-0.450927,-0.408368,-0.073492,-0.019369,-0.057615,-0.143487,-0.142062,0.189488,-0.103854,-0.408198,-0.358650,0.095928,0.443485,-0.108683,-0.008535,0.279764,0.023472
-0.326238,0.000000,0.304812,-0.000000,-0.151994,0.000000,0.337377,0.000000,-0.015310,-0.000000,-0.357384,0.000000,0.111998,0.000000,0.013480,0.000000,-0.194963,0.000000,0.438530,0.000000,0.008228,-0.000000,-0.490855,0.000000,0.344820,-0.000000,-0.168669,0.000000,0.160202,-0.000000,-0.343510,0.000000,0.195766,0.000000,-0.197222,0.000000,0.028982,0.000000,0.208125,0.000000,0.248527,0.000000,-0.031249,0.000000,-0.305730,0.000000,0.286698,0.000000,-0.173098,0.000000,-0.024337,0.000000,-0.166483,0.000000,-0.019559,0.000000,-0.033863,0.000000,0.456021,0.000000,-0.009348,0.000000,-0.084049,-0.000000,-0.340855,0.000000,0.316230,0.000000
-0.184898,0.238185,0.063120,-0.363066,-0.087697,-0.046252,0.088730,-0.166730,-0.275449,-0.298292,-0.347697,-0.122673,-0.153175,-0.006172,-0.042807,-0.369661,-0.633422,-0.253130,0.044758,-0.313410,-0.247749,-0.249070,-0.534534,-0.080637,0.217278,-0.276555,-0.173793,0.461482,0.193722,-0.457944,-0.314176,0.209006,0.025096,-0.440573,-0.498775,0.039168,0.196081,0.274745,0.354671,-0.215814,-0.284893,-0.330937,-0.188387,-0.099251,-0.284994,-0.331931,-0.072246,-0.116304,-0.195557,0.027816,0.186114,0.499265,0.066817,-0.370659,-0.522739,-0.362661,-0.224417,0.028826,0.363673,-0.104147,-0.024114,0.334387,-0.003991,-0.456072,-0.419589,0.241991,0.599095,0.469760
-0.329377,0.000000,-0.053691,0.000000,0.385918,0.000000,0.053065,0.000000,-0.070565,0.000000,0.082954,-0.000000,-0.289502,0.000000,0.276739,0.000000,-0.449091,0.000000,0.217527,0.000000,0.058755,0.000000,-0.248505,0.000000,0.446929,0.000000,-0.363844,0.000000,0.223706,0.000000,-0.035903,0.000000,0.085993,0.000000,-0.398922,0.000000,0.049266,0.000000,0.442285,0.000000,-0.271563,0.000000,0.084663,0.000000,0.166925,0.000000,0.017045,0.000000,-0.129529,0.000000,-0.130516,0.000000,0.171512,0.000000,-0.292598,0.000000,-0.081135,0.000000,0.346646,0.000000,-0.269119,0.000000,0.197752,0.000000,-0.284242,0.000000,0.170209,0.000000
-0.135111,-0.435382,-0.067551,0.136554,-0.013084,-0.075176,0.088574,-0.114390,-0.213596,0.032981,0.130524,-0.241319,-0.310946,-0.075104,0.086313,-0.038064,-0.402780,0.124267,0.356453,0.021136,-0.020042,0.230855,0.225714,0.356607,0.408991,-0.191225,-0.269264,-0.156746,0.202673,0.409469,-0.173695,-0.480306,-0.046533,0.037844,-0.128728,0.105789,-0.183103,-0.089239,0.452771,0.175986,-0.128156,0.223868,0.426082,0.443515,0.258408,-0.107233,0.088873,-0.110001,0.044502,0.423053,0.083076,-0.000553,0.344401,0.405915,0.252956,0.446028,0.202223,-0.129318,0.159125,0.445464,-0.035185,-0.437785,-0.217911,0.115672,-0.147874,-0.355538,-0.088058,0.005852
0.280806,0.000000,0.217417,-0.000000,-0.473464,0.000000,0.313649,0.000000,-0.275218,0.000000,0.386431,0.000000,-0.015968,0.000000,0.009055,0.000000,-0.442674,0.000000,0.349977,0.000000,-0.350829,0.000000,0.112472,0.000000,0.205670,0.000000,0.173287,0.000000,-0.071084,0.000000,-0.240650,0.000000,0.263404,0.000000,-0.002167,0.000000,-0.432022,0.000000,0.376510,0.000000,-0.384602,0.000000,0.100117,0.000000,0.013609,0.000000,0.377934,0.000000,-0.094519,0.000000,-0.125833,0.000000,0.111928,0.000000,-0.053433,0.000000,0.168871,0.000000,-0.344543,0.000000,0.191069,0.000000,-0.311460,0.000000,0.228361,0.000000,0.003361,0.000000
-0.068959,0.100387,0.349685,-0.065363,-0.396851,0.108970,0.326401,0.006476,0.051580,0.407805,0.416479,-0.047271,-0.287668,-0.113176,0.129915,0.314684,0.161420,0.008544,0.033337,-0.020285,-0.257100,-0.227749,-0.130290,-0.312228,0.100896,0.291306,0.024972,-0.285119,-0.209882,0.066956,0.021342,0.044867,-0.017803,-0.051277,-0.086094,-0.037609,-0.202380,-0.281774,-0.088554,-0.002725,-0.203909,-0.218242,-0.248745,-0.095125,0.271342,0.453991,0.450449,-0.139337,-0.414237,-0.192707,0.001398,-0.163427,-0.339854,-0.150636,-0.099153,-0.413476,-0.322838,-0.243238,-0.271181,-0.180632,0.060018,0.458112,0.072649,0.144358,0.378250,0.024882,-0.024931,-0.216456
-0.248505,0.000000,0.446929,0.000000,-0.363844,0.000000,0.223706,0.000000,-0.035903,0.000000,0.085993,0.000000,-0.398922,0.000000,0.049266,0.000000,0.442285,-0.000000,-0.271563,0.000000,0.084663,0.000000,0.166925,0.000000,0.017045,0.000000,-0.129529,0.000000,-0.130516,0.000000,0.171512,0.000000,-0.292598,0.000000,-0.081135,0.000000,0.346646,0.000000,-0.269119,0.000000,0.197752,0.000000,-0.284242,0.000000,0.170209,0.000000,0.208310,0.000000,-0.401910,0.000000,0.484761,0.000000,-0.477572,0.000000,0.419239,0.000000,-0.157834,0.000000,0.226051,0.000000,-0.348514,0.000000,-0.145712,0.000000,0.358899,0.000000,0.138351,0.000000
0.110021,0.151017,0.044683,-0.017725,-0.014694,0.007361,0.023908,-0.014583,0.050250,-0.009217,-0.019686,0.227362,0.106801,0.189395,-0.049801,-0.141042,0.089277,-0.151672,0.141721,0.498551,0.578158,0.324574,0.210088,-0.040075,-0.075447,0.177866,0.362046,0.389057,-0.206881,-0.499207,-0.203296,-0.054561,-0.064311,0.385021,0.157098,0.029869,0.325573,0.308494,0.089171,-0.317053,-0.006332,0.115986,-0.072680,0.106945,-0.221692,-0.379684,0.058564,-0.027729,-0.417206,-0.052083,0.184187,-0.061622,-0.326284,-0.119345,0.184061,0.019559,0.173178,0.094282,0.196883,0.184200,-0.070157,-0.005337,-0.315480,-0.221056,0.111752,-0.022658,0.045888,0.129905
0.008228,0.000000,-0.490855,0.000000,0.344820,0.000000,-0.168669,0.000000,0.160202,0.000000,-0.343510,0.000000,0.195766,0.000000,-0.197222,0.000000,0.028982,0.000000,0.208125,0.000000,0.248527,0.000000,-0.031249,0.000000,-0.305730,0.000000,0.286698,0.000000,-0.173098,0.000000,-0.024337,0.000000,-0.166483,0.000000,-0.019559,0.000000,-0.033863,0.000000,0.456021,0.000000,-0.009348,0.000000,-0.084049,-0.000000,-0.340855,0.000000,0.316230,0.000000,-0.352690,0.000000,-0.002682,0.000000,0.005971,0.000000,0.048668,0.000000,0.390351,0.000000,-0.110767,0.000000,0.029336,-0.000000,-0.258855,0.000000,0.108321,0.000000,-0.153822,0.000000
0.230375,0.240120,-0.086979,-0.131531,-0.203751,-0.218880,0.212120,0.327028,-0.080644,-0.170945,-0.151729,-0.208243,-0.332041,-0.493771,-0.215041,0.034861,0.030295,0.345260,0.087389,-0.232895,0.033845,-0.306840,-0.011755,0.176229,-0.229368,0.005603,-0.034265,-0.200019,0.187468,0.250216,0.051852,0.354713,0.121373,0.002839,0.157074,0.087363,0.120358,0.055339,0.236151,-0.039400,-0.212413,0.067090,-0.162478,-0.329584,-0.119228,0.346278,0.669160,0.302332,-0.066716,0.267083,0.314958,0.005175,0.056614,0.305103,0.182615,0.276536,0.475440,0.280449,-0.042939,-0.484642,-0.450366,-0.469406,-0.151891,0.454157,0.340714,0.352790,-0.041489,-0.372674
0.170209,0.000000,0.208310,0.000000,-0.401910,0.000000,0.484761,0.000000,-0.477572,0.000000,0.419239,0.000000,-0.157834,0.000000,0.226051,0.000000,-0.348514,0.000000,-0.145712,0.000000,0.358899,0.000000,0.138351,0.000000,-0.334839,0.000000,-0.160812,0.000000,0.497836,0.000000,-0.476889,0.000000,0.051677,0.000000,0.243505,0.000000,0.131878,0.000000,0.000343,0.000000,-0.443168,0.000000,0.021587,0.000000,0.085705,0.000000,0.373480,0.000000,-0.350156,0.000000,0.360340,0.000000,-0.203022,0.000000,-0.265078,0.000000,0.003544,0.000000,0.229082,0.000000,0.023981,0.000000,-0.029677,0.000000,-0.233840,0.000000,0.090728,0.000000
-0.102050,0.004288,0.126345,0.251816,0.153491,0.240029,0.449386,0.163863,-0.339969,-0.150033,0.255872,-0.062497,0.042903,0.478267,0.505013,0.199152,-0.289523,-0.472597,-0.165659,0.148884,0.137724,-0.024377,0.184877,0.216313,-0.216702,-0.439314,-0.518878,-0.197688,0.326362,0.249375,-0.246919,-0.341344,-0.422485,-0.229065,0.160725,0.002198,0.032387,0.082692,0.308738,0.197065,-0.051741,0.157930,0.077021,0.331908,0.284479,0.039348,0.300071,0.173833,-0.220289,-0.069291,0.382087,0.034595,-0.201298,-0.242397,-0.592177,-0.186025,0.132137,0.101935,0.085272,0.008196,0.335353,0.478327,-0.056748,-0.218636,-0.058803,0.139104,0.129153,0.225695
-0.282328,0.000000,-0.211723,0.000000,0.217047,0.000000,0.010119,0.000000,-0.216196,0.000000,0.305035,0.000000,-0.172131,0.000000,0.106557,0.000000,0.042913,0.000000,0.138107,-0.000000,-0.207957,0.000000,0.039467,0.000000,0.124437,0.000000,-0.239942,0.000000,0.103201,0.000000,0.075020,0.000000,-0.326238,0.000000,0.304812,0.000000,-0.151994,0.000000,0.337377,0.000000,-0.015310,-0.000000,-0.357384,0.000000,0.111998,0.000000,0.013480,0.000000,-0.194963,0.000000,0.438530,0.000000,0.008228,0.000000,-0.490855,0.000000,0.344820,-0.000000,-0.168669,0.000000,0.160202,-0.000000,-0.343510,0.000000,0.195766,0.000000,-0.197222,0.000000
-0.389091,-0.084987,0.096548,0.125411,-0.200534,-0.483534,-0.417005,-0.200644,0.066529,0.056893,0.029389,-0.005505,-0.351429,-0.438147,-0.047462,-0.048980,0.063016,0.087108,-0.181131,-0.414795,-0.263332,0.347127,0.359955,-0.060139,0.171225,0.454612,0.052312,0.053199,-0.135409,-0.428001,0.119473,0.478535,0.306639,0.255544,0.245017,-0.164367,-0.506953,-0.211049,0.030680,-0.064617,0.043435,-0.266819,-0.615308,-0.175409,0.141881,-0.049193,-0.371244,-0.491085,-0.228781,0.082816,0.292749,0.183161,0.288955,0.148628,-0.134805,0.024629,-0.074548,-0.425111,-0.155409,0.191062,-0.049940,-0.395008,-0.598895,-0.281042,-0.062598,0.003366,-0.025379,0.212327
-0.153822,0.000000,0.364395,0.000000,-0.259992,0.000000,-0.159951,0.000000,0.493004,0.000000,-0.297645,0.000000,-0.087075,0.000000,0.285647,0.000000,0.044990,0.000000,-0.172683,0.000000,-0.251038,0.000000,0.393456,0.000000,-0.176460,0.000000,-0.163244,0.000000,0.000784,0.000000,0.113392,0.000000,0.205436,0.000000,0.094046,0.000000,-0.486495,0.000000,-0.000349,0.000000,0.433615,0.000000,-0.431003,0.000000,0.396367,0.000000,-0.215692,0.000000,0.145670,0.000000,-0.119010,0.000000,0.237894,0.000000,0.047988,0.000000,-0.093434,0.000000,0.091900,0.000000,-0.056136,0.000000,-0.178231,0.000000,-0.043286,0.000000,-0.069229,0.000000
0.296515,0.077601,0.272431,-0.029012,-0.101478,0.085704,-0.313171,-0.108929,0.160976,-0.083711,0.079757,0.455165,0.513454,0.285337,0.121687,0.022546,0.307501,0.187127,0.153201,0.494979,-0.000006,0.021125,0.177200,-0.063725,-0.255217,-0.499332,-0.354281,-0.069967,0.164561,0.427982,0.085366,-0.136802,-0.127614,-0.414590,-0.239788,-0.046984,-0.042263,-0.047690,-0.285838,-0.228830,0.104304,-0.078352,-0.469241,-0.221868,0.202437,-0.190713,-0.099882,0.488968,0.119637,-0.183641,-0.041974,0.001655,0.173494,0.097320,-0.059266,-0.047644,0.061111,-0.041735,0.078709,0.279383,0.371842,0.413879,0.141606,0.004650,0.008656,-0.082159,-0.418360,-0.477376
0.243505,0.000000,0.131878,0.000000,0.000343,0.000000,-0.443168,0.000000,0.021587,0.000000,0.085705,0.000000,0.373480,0.000000,-0.350156,0.000000,0.360340,0.000000,-0.203022,-0.000000,-0.265078,0.000000,0.003544,0.000000,0.229082,0.000000,0.023981,0.000000,-0.029677,-0.000000,-0.233840,0.000000,0.090728,0.000000,-0.112047,0.000000,0.496643,0.000000,-0.294806,0.000000,0.082176,0.000000,-0.207259,0.000000,0.421088,-0.000000,-0.282328,0.000000,-0.211723,0.000000,0.217047,0.000000,0.010119,0.000000,-0.216196,0.000000,0.305035,0.000000,-0.172131,0.000000,0.106557,0.000000,0.042913,0.000000,0.138107,-0.000000,-0.207957,0.000000
-0.003025,-0.037192,0.056118,0.089014,0.099682,-0.009244,-0.360102,0.156277,0.379329,0.366218,0.116588,-0.398911,-0.121761,0.111286,-0.318213,-0.343865,0.279750,0.157107,-0.178847,-0.364844,-0.510059,-0.319631,-0.133038,-0.032943,0.199833,0.493030,0.460679,0.127608,-0.349995,-0.348830,-0.360112,-0.355079,-0.120707,-0.035818,-0.287629,-0.178887,0.370887,-0.022912,-0.107929,0.465703,0.396044,0.020504,0.099862,0.422382,0.361869,-0.205725,-0.539886,-0.192797,-0.125838,0.103580,0.274137,-0.214638,-0.487178,-0.498274,-0.391189,-0.152570,0.227849,0.136307,-0.098426,-0.178075,-0.336414,-0.471781,-0.032361,0.494662,0.221714,-0.360853,-0.410902,0.039605
0.208020,0.000000,-0.071463,0.000000,0.119252,0.000000,-0.424070,0.000000,0.214576,0.000000,0.180163,0.000000,-0.329377,0.000000,-0.053691,0.000000,0.385918,0.000000,0.053065,0.000000,-0.070565,0.000000,0.082954,-0.000000,-0.289502,0.000000,0.276739,0.000000,-0.449091,0.000000,0.217527,0.000000,0.058755,0.000000,-0.248505,0.000000,0.446929,0.000000,-0.363844,0.000000,0.223706,0.000000,-0.035903,0.000000,0.085993,0.000000,-0.398922,0.000000,0.049266,0.000000,0.442285,0.000000,-0.271563,0.000000,0.084663,0.000000,0.166925,0.000000,0.017045,0.000000,-0.129529,0.000000,-0.130516,0.000000,0.171512,0.000000,-0.292598,0.000000
-0.021858,-0.171960,-0.005920,-0.265060,-0.263877,-0.087139,-0.386275,-0.343517,-0.383894,-0.431588,0.184009,0.198354,-0.176460,0.060430,-0.015617,0.173750,0.419510,0.062304,0.246942,0.368395,0.096113,0.110592,0.083307,-0.331968,-0.403994,-0.014389,0.369249,0.369591,-0.091392,-0.146197,0.312414,0.415390,0.131326,-0.003537,0.092136,0.396846,0.406224,-0.155764,-0.605032,-0.450515,0.176601,0.476810,0.019648,-0.476631,-0.285758,0.145361,0.119430,0.187610,0.080197,0.075512,0.434523,0.013872,0.036816,0.346632,0.265785,0.457660,0.544642,0.352701,0.291162,0.199098,0.125330,0.376055,0.249119,-0.185831,0.096274,0.198640,-0.221096,0.142622
-0.112047,0.000000,0.496643,0.000000,-0.294806,0.000000,0.082176,0.000000,-0.207259,0.000000,0.421088,-0.000000,-0.282328,0.000000,-0.211723,0.000000,0.217047,0.000000,0.010119,0.000000,-0.216196,0.000000,0.305035,0.000000,-0.172131,0.000000,0.106557,0.000000,0.042913,0.000000,0.138107,-0.000000,-0.207957,0.000000,0.039467,0.000000,0.124437,0.000000,-0.239942,0.000000,0.103201,0.000000,0.075020,0.000000,-0.326238,0.000000,0.304812,-0.000000,-0.151994,0.000000,0.337377,0.000000,-0.015310,-0.000000,-0.357384,0.000000,0.111998,0.000000,0.013480,0.000000,-0.194963,0.000000,0.438530,0.000000,0.008228,-0.000000,-0.490855,0.000000
-0.115857,-0.271376,0.178345,-0.131981,-0.011195,0.406564,0.185914,0.315111,0.438170,0.391979,0.196924,-0.034616,-0.131842,-0.046857,-0.254373,-0.263776,0.011791,-0.307623,-0.220122,-0.048221,-0.025672,0.338906,0.603045,0.450221,0.116091,0.007525,0.013485,-0.255982,-0.040539,0.476533,0.204692,-0.396326,-0.397083,0.121578,-0.054767,-0.498941,0.041624,0.454390,0.178336,0.021606,-0.133933,-0.075873,0.099716,0.268715,0.272505,0.293028,0.063053,-0.482104,-0.332499,0.016305,-0.005899,-0.293196,-0.306089,-0.101205,-0.045702,0.011290,-0.251853,-0.498511,-0.285181,-0.340816,-0.517398,-0.042459,0.431196,0.001271,-0.135120,-0.196814,-0.380219,-0.100213
-0.240650,0.000000,0.263404,0.000000,-0.002167,0.000000,-0.432022,0.000000,0.376510,-0.000000,-0.384602,0.000000,0.100117,0.000000,0.013609,0.000000,0.377934,0.000000,-0.094519,0.000000,-0.125833,0.000000,0.111928,0.000000,-0.053433,0.000000,0.168871,0.000000,-0.344543,0.000000,0.191069,0.000000,-0.311460,0.000000,0.228361,0.000000,0.003361,0.000000,0.120617,0.000000,-0.316799,0.000000,-0.068430,0.000000,0.309506,0.000000,0.010370,0.000000,-0.047204,-0.000000,-0.072282,0.000000,-0.202468,0.000000,0.355894,-0.000000,-0.128483,0.000000,0.255484,0.000000,-0.456558,0.000000,0.465048,0.000000,-0.082924,0.000000,0.027444,0.000000
-0.353466,-0.009694,0.210485,0.333743,0.152139,-0.007740,-0.223453,0.026719,0.269736,-0.319779,-0.407993,-0.102256,-0.037183,0.011820,-0.120559,0.074307,0.300703,-0.167066,-0.429533,-0.244790,-0.299177,-0.225048,-0.188565,-0.269981,-0.334331,-0.393917,0.008174,-0.148956,-0.300349,0.003568,0.338374,0.452775,-0.097119,-0.076698,0.131104,0.002224,-0.117394,-0.086550,0.393074,0.387686,-0.299083,-0.409062,-0.310511,0.016420,0.271804,-0.275323,-0.284083,-0.005568,-0.298897,-0.457947,0.100903,0.446387,0.067160,-0.154590,-0.223473,-0.475567,-0.254060,0.346968,0.637945,0.279981,-0.107557,0.137923,0.098723,-0.242281,-0.154580,0.015262,0.282697,0.409297
-0.024337,0.000000,-0.166483,0.000000,-0.019559,0.000000,-0.033863,0.000000,0.456021,0.000000,-0.009348,0.000000,-0.084049,0.000000,-0.340855,0.000000,0.316230,0.000000,-0.352690,0.000000,-0.002682,0.000000,0.005971,0.000000,0.048668,0.000000,0.390351,0.000000,-0.110767,0.000000,0.029336,-0.000000,-0.258855,0.000000,0.108321,0.000000,-0.153822,0.000000,0.364395,0.000000,-0.259992,0.000000,-0.159951,0.000000,0.493004,0.000000,-0.297645,0.000000,-0.087075,0.000000,0.285647,0.000000,0.044990,0.000000,-0.172683,0.000000,-0.251038,0.000000,0.393456,-0.000000,-0.176460,0.000000,-0.163244,0.000000,0.000784,0.000000,0.113392,0.000000
0.159878,0.132988,0.043452,0.034695,0.155824,-0.076968,-0.165966,0.129055,0.542217,0.139019,0.149881,0.373112,-0.034870,-0.093726,-0.084754,0.261529,0.391671,-0.023500,-0.277944,-0.203680,-0.005037,0.225967,0.081353,0.164608,0.125821,-0.052362,0.206148,0.186354,0.155492,-0.261246,-0.497271,-0.467827,-0.343822,-0.043138,-0.038385,0.065306,0.089654,-0.153264,-0.001052,0.069093,-0.057116,0.288391,0.272616,0.199745,0.492659,0.282449,-0.038168,0.155056,0.171358,-0.030300,0.055622,0.028027,0.293760,0.407944,0.141079,0.003984,-0.020627,0.067693,-0.092552,-0.438297,-0.287827,-0.000364,-0.033406,-0.027642,-0.159612,-0.052424,0.085957,0.007745
0.021587,0.000000,0.085705,0.000000,0.373480,0.000000,-0.350156,0.000000,0.360340,0.000000,-0.203022,0.000000,-0.265078,0.000000,0.003544,0.000000,0.229082,0.000000,0.023981,0.000000,-0.029677,0.000000,-0.233840,0.000000,0.090728,0.000000,-0.112047,0.000000,0.496643,0.000000,-0.294806,0.000000,0.082176,0.000000,-0.207259,0.000000,0.421088,0.000000,-0.282328,0.000000,-0.211723,0.000000,0.217047,0.000000,0.010119,0.000000,-0.216196,0.000000,0.305035,0.000000,-0.172131,0.000000,0.106557,0.000000,0.042913,0.000000,0.138107,0.000000,-0.207957,0.000000,0.039467,0.000000,0.124437,0.000000,-0.239942,0.000000,0.103201,0.000000
0.119610,0.083925,0.228912,-0.209641,-0.142115,0.028821,-0.157410,-0.045162,0.385034,0.211385,0.022074,-0.096093,-0.314627,-0.268427,-0.446820,-0.185590,0.099003,0.132927,0.350036,0.457458,0.313762,-0.173738,-0.319808,0.118118,0.404038,0.238890,0.069174,0.214527,0.295740,0.145388,0.112628,0.371130,0.340057,-0.002274,-0.125357,-0.065162,0.283261,0.240273,-0.209201,-0.142506,-0.263329,-0.263157,-0.187668,-0.217178,0.006946,-0.275691,-0.471231,-0.155770,0.111761,-0.007920,-0.399197,-0.411084,-0.061868,-0.240298,0.006647,0.493006,0.153541,-0.112309,0.197218,0.497655,0.273680,0.000119,0.011692,0.115024,0.085573,-0.008970,-0.049423,-0.020947
-0.160812,0.000000,0.497836,0.000000,-0.476889,0.000000,0.051677,0.000000,0.243505,0.000000,0.131878,0.000000,0.000343,0.000000,-0.443168,0.000000,0.021587,0.000000,0.085705,0.000000,0.373480,-0.000000,-0.350156,0.000000,0.360340,0.000000,-0.203022,0.000000,-0.265078,0.000000,0.003544,0.000000,0.229082,0.000000,0.023981,0.000000,-0.029677,-0.000000,-0.233840,0.000000,0.090728,0.000000,-0.112047,0.000000,0.496643,0.000000,-0.294806,0.000000,0.082176,0.000000,-0.207259,0.000000,0.421088,0.000000,-0.282328,0.000000,-0.211723,0.000000,0.217047,0.000000,0.010119,0.000000,-0.216196,0.000000,0.305035,0.000000,-0.172131,0.000000
-0.499563,-0.149294,0.389357,0.009083,-0.303619,0.142895,-0.071052,-0.124953,0.171812,0.008026,0.124833,0.099644,-0.028411,0.059387,-0.129033,-0.179321,0.007925,0.345714,0.288858,0.039740,0.067422,-0.321290,-0.295573,-0.057807,-0.091834,-0.278244,-0.219183,0.003432,-0.230636,-0.324064,-0.458201,-0.355941,0.237965,0.499588,0.304751,0.010913,-0.322819,-0.300636,-0.046173,0.137319,0.259151,0.442248,0.341995,0.016413,0.310898,0.124048,-0.033641,0.460860,0.575981,0.496928,0.367628,0.432107,0.401402,0.144572,0.058299,-0.184175,-0.218788,-0.049904,-0.319570,-0.315428,0.008731,-0.022048,-0.279231,-0.151549,0.392109,0.470529,-0.121410,-0.197708
-0.207259,0.000000,0.421088,0.000000,-0.282328,0.000000,-0.211723,0.000000,0.217047,0.000000,0.010119,0.000000,-0.216196,0.000000,0.305035,0.000000,-0.172131,0.000000,0.106557,0.000000,0.042913,0.000000,0.138107,0.000000,-0.207957,0.000000,0.039467,0.000000,0.124437,0.000000,-0.239942,0.000000,0.103201,0.000000,0.075020,0.000000,-0.326238,0.000000,0.304812,-0.000000,-0.151994,0.000000,0.337377,0.000000,-0.015310,-0.000000,-0.357384,0.000000,0.111998,0.000000,0.013480,0.000000,-0.194963,0.000000,0.438530,0.000000,0.008228,0.000000,-0.490855,0.000000,0.344820,-0.000000,-0.168669,0.000000,0.160202,0.000000,-0.343510,0.000000
0.273297,0.431094,0.582614,0.201118,-0.073012,-0.011382,-0.056833,-0.059432,-0.102021,-0.017113,-0.147993,-0.480061,-0.522676,-0.037634,0.242798,-0.010166,-0.079233,0.020470,-0.105590,-0.458825,-0.156769,0.419174,0.177760,-0.133330,0.229823,0.491428,0.026277,-0.488712,0.021120,0.453719,0.063279,-0.014937,-0.183776,-0.253348,0.320191,0.462817,-0.095073,-0.198241,0.014271,-0.333512,-0.531395,-0.120726,0.349460,0.017221,-0.186066,-0.291120,-0.501674,-0.382288,-0.390425,-0.114338,0.066157,-0.225962,-0.544382,-0.403731,-0.159107,-0.305757,0.055160,0.199830,-0.028395,0.305697,0.191921,-0.385926,-0.320535,0.337595,0.365398,0.018422,-0.182457,-0.219991
-0.125833,0.000000,0.111928,0.000000,-0.053433,0.000000,0.168871,0.000000,-0.344543,0.000000,0.191069,0.000000,-0.311460,0.000000,0.228361,0.000000,0.003361,0.000000,0.120617,0.000000,-0.316799,0.000000,-0.068430,0.000000,0.309506,0.000000,0.010370,0.000000,-0.047204,0.000000,-0.072282,0.000000,-0.202468,0.000000,0.355894,-0.000000,-0.128483,0.000000,0.255484,0.000000,-0.456558,0.000000,0.465048,0.000000,-0.082924,0.000000,0.027444,0.000000,-0.396221,0.000000,0.459134,-0.000000,-0.264108,0.000000,-0.047256,0.000000,0.208020,0.000000,-0.071463,0.000000,0.119252,0.000000,-0.424070,0.000000,0.214576,0.000000,0.180163,0.000000
-0.393275,-0.165505,-0.100354,-0.451200,-0.511343,-0.484107,-0.251332,0.084438,-0.303820,-0.410355,-0.071228,0.131947,0.211499,0.377516,0.606875,0.424440,-0.044723,-0.465052,-0.214224,-0.030266,-0.471364,-0.377267,-0.152736,-0.195127,-0.270701,-0.217286,0.032684,-0.008522,-0.035451,-0.232592,-0.210929,0.356482,0.118862,-0.229938,-0.271626,-0.393991,-0.017946,0.100152,0.299373,0.259078,-0.228948,-0.269471,-0.143367,-0.039638,0.096093,-0.035227,-0.103117,0.152377,-0.028753,0.073865,0.237114,-0.264442,-0.021234,0.312795,0.309544,0.424633,-0.025667,-0.443337,-0.324218,-0.397042,0.019735,0.319426,-0.282536,-0.028407,0.261535,-0.039609,-0.040155,0.163738
-0.090484,0.000000,0.304069,0.000000,-0.033946,0.000000,-0.271866,0.000000,0.062820,0.000000,-0.055118,0.000000,0.224995,0.000000,0.183433,0.000000,-0.052196,0.000000,-0.053747,0.000000,-0.218396,0.000000,0.335353,0.000000,-0.438494,0.000000,0.280806,0.000000,0.217417,-0.000000,-0.473464,0.000000,0.313649,0.000000,-0.275218,0.000000,0.386431,0.000000,-0.015968,0.000000,0.009055,0.000000,-0.442674,0.000000,0.349977,0.000000,-0.350829,0.000000,0.112472,0.000000,0.205670,0.000000,0.173287,0.000000,-0.071084,-0.000000,-0.240650,0.000000,0.263404,0.000000,-0.002167,0.000000,-0.432022,0.000000,0.376510,0.000000,-0.384602,0.000000
-0.246220,-0.331088,0.009975,0.318836,0.208185,0.068661,-0.217700,-0.177077,0.269823,0.428907,0.415358,0.273494,-0.009637,-0.465567,-0.374923,-0.413965,-0.336084,0.012389,0.185194,0.076393,-0.176135,0.228227,0.379612,-0.085161,-0.157533,-0.008827,0.078744,0.358973,0.320247,-0.249546,-0.638401,-0.278574,0.253024,0.084541,0.064573,0.335792,0.361187,-0.008904,-0.305233,-0.142920,0.072635,-0.070842,-0.452213,-0.040081,0.430000,0.437632,0.033404,-0.225664,-0.042851,-0.145797,0.205888,0.422987,0.026162,-0.303299,-0.225905,-0.340832,-0.091371,0.400906,0.229129,0.225969,0.324655,0.048997,-0.430166,-0.092704,0.187538,-0.008846,-0.282626,-0.185412
-0.033946,0.000000,-0.271866,0.000000,0.062820,0.000000,-0.055118,0.000000,0.224995,0.000000,0.183433,0.000000,-0.052196,0.000000,-0.053747,0.000000,-0.218396,0.000000,0.335353,0.000000,-0.438494,0.000000,0.280806,0.000000,0.217417,-0.000000,-0.473464,0.000000,0.313649,0.000000,-0.275218,0.000000,0.386431,0.000000,-0.015968,0.000000,0.009055,0.000000,-0.442674,0.000000,0.349977,0.000000,-0.350829,0.000000,0.112472,0.000000,0.205670,0.000000,0.173287,0.000000,-0.071084,-0.000000,-0.240650,0.000000,0.263404,0.000000,-0.002167,-0.000000,-0.432022,0.000000,0.376510,0.000000,-0.384602,0.000000,0.100117,0.000000,0.013609,0.000000
0.159617,0.089357,-0.051093,0.082489,-0.020024,0.246665,0.438310,0.308563,-0.062996,-0.274946,0.017413,0.026223,-0.003578,0.005209,0.254729,0.180063,0.135782,0.404417,0.512846,0.411755,0.135464,0.185740,0.448772,0.484431,0.424241,-0.022236,-0.359938,0.120367,0.313905,0.002724,-0.271989,0.039976,0.276977,-0.100815,-0.016118,0.081186,0.079844,-0.051170,-0.330967,0.148709,0.345590,0.260925,0.238319,0.257037,-0.034297,-0.448473,0.099586,0.489180,0.140739,-0.308706,-0.384133,-0.186007,0.197864,0.466492,0.255344,-0.090724,-0.044549,-0.251691,-0.548123,0.044025,0.370345,-0.144892,-0.390387,-0.168355,-0.204469,-0.368144,-0.202580,0.345596
0.263404,0.000000,-0.002167,-0.000000,-0.432022,0.000000,0.376510,0.000000,-0.384602,0.000000,0.100117,0.000000,0.013609,0.000000,0.377934,0.000000,-0.094519,0.000000,-0.125833,0.000000,0.111928,0.000000,-0.053433,0.000000,0.168871,0.000000,-0.344543,0.000000,0.191069,0.000000,-0.311460,0.000000,0.228361,0.000000,0.003361,0.000000,0.120617,0.000000,-0.316799,0.000000,-0.068430,0.000000,0.309506,0.000000,0.010370,0.000000,-0.047204,-0.000000,-0.072282,0.000000,-0.202468,0.000000,0.355894,-0.000000,-0.128483,0.000000,0.255484,0.000000,-0.456558,0.000000,0.465048,0.000000,-0.082924,0.000000,0.027444,0.000000,-0.396221,0.000000
0.043314,0.183590,0.070980,-0.389442,-0.627376,-0.082460,0.202857,-0.000807,-0.197580,-0.215420,-0.039887,-0.137758,0.098873,0.392979,0.174665,-0.180932,-0.185749,-0.359450,-0.287781,-0.088111,-0.275618,-0.143030,0.076709,-0.026630,-0.130646,-0.018932,-0.146871,-0.030384,0.097268,0.020242,0.077585,0.068455,0.326567,0.450838,0.163953,-0.000461,0.325865,0.419646,0.055932,0.062451,0.062240,-0.038411,-0.042167,-0.010886,0.099661,0.008770,-0.363112,-0.376330,-0.112225,-0.004199,0.024783,0.252871,0.147014,-0.435356,-0.228807,0.423024,0.366626,0.123175,0.053337,0.130551,0.150791,-0.304387,0.003799,0.442115,0.159478,-0.078320,-0.407817,-0.138624
-0.442674,0.000000,0.349977,0.000000,-0.350829,0.000000,0.112472,0.000000,0.205670,0.000000,0.173287,0.000000,-0.071084,-0.000000,-0.240650,0.000000,0.263404,0.000000,-0.002167,0.000000,-0.432022,0.000000,0.376510,0.000000,-0.384602,0.000000,0.100117,0.000000,0.013609,0.000000,0.377934,0.000000,-0.094519,0.000000,-0.125833,0.000000,0.111928,0.000000,-0.053433,0.000000,0.168871,0.000000,-0.344543,0.000000,0.191069,0.000000,-0.311460,0.000000,0.228361,0.000000,0.003361,0.000000,0.120617,0.000000,-0.316799,0.000000,-0.068430,0.000000,0.309506,0.000000,0.010370,0.000000,-0.047204,0.000000,-0.072282,0.000000,-0.202468,0.000000
-0.094424,0.080036,0.269765,0.018789,-0.199001,0.046085,0.209934,-0.235333,-0.164877,-0.005285,-0.030240,-0.310658,-0.476845,-0.364690,0.032705,0.249663,0.318436,0.406132,0.042374,-0.107495,-0.070833,0.180803,0.303491,0.039551,-0.313092,-0.064936,-0.050140,-0.440497,-0.079823,0.439373,0.616446,0.309029,-0.094451,-0.446324,-0.258674,-0.083298,-0.319605,-0.459882,-0.230522,0.012802,0.053610,-0.198891,-0.622644,-0.461911,0.156460,0.480562,0.067659,-0.108803,-0.003887,0.198905,0.250163,-0.006751,0.201620,0.441366,0.167826,-0.126292,-0.072305,0.065422,-0.004791,-0.027126,0.292094,0.488946,0.228223,0.001224,0.066810,0.399642,0.351418,0.067132
-0.233840,0.000000,0.090728,0.000000,-0.112047,0.000000,0.496643,0.000000,-0.294806,0.000000,0.082176,0.000000,-0.207259,0.000000,0.421088,0.000000,-0.282328,0.000000,-0.211723,0.000000,0.217047,0.000000,0.010119,0.000000,-0.216196,0.000000,0.305035,0.000000,-0.172131,0.000000,0.106557,0.000000,0.042913,0.000000,0.138107,-0.000000,-0.207957,0.000000,0.039467,0.000000,0.124437,0.000000,-0.239942,0.000000,0.103201,0.000000,0.075020,0.000000,-0.326238,0.000000,0.304812,-0.000000,-0.151994,0.000000,0.337377,0.000000,-0.015310,0.000000,-0.357384,0.000000,0.111998,0.000000,0.013480,0.000000,-0.194963,0.000000,0.438530,0.000000
-0.497900,-0.347866,0.008201,0.106614,0.015584,0.019557,0.095544,-0.195584,-0.062839,0.495228,0.400571,0.052225,-0.237525,-0.027419,0.213084,0.113633,-0.141992,-0.461937,-0.394506,0.153767,0.038409,-0.491749,-0.454697,-0.143521,0.072003,0.333514,0.443947,0.041035,-0.376744,-0.220482,0.103233,-0.164370,-0.146896,0.305237,0.259961,-0.342662,-0.354306,-0.000159,0.033417,-0.198526,0.004907,0.432417,0.147034,0.247305,0.117363,-0.474679,0.004020,0.269348,-0.053313,0.285103,0.076797,-0.275509,-0.080795,-0.231922,-0.157103,0.057230,0.087075,0.080553,-0.003999,0.025328,0.084722,-0.099759,-0.242621,-0.399306,-0.625896,-0.214354,0.032659,-0.180446
0.084663,0.000000,0.166925,0.000000,0.017045,0.000000,-0.129529,0.000000,-0.130516,0.000000,0.171512,0.000000,-0.292598,0.000000,-0.081135,0.000000,0.346646,0.000000,-0.269119,0.000000,0.197752,0.000000,-0.284242,0.000000,0.170209,0.000000,0.208310,0.000000,-0.401910,0.000000,0.484761,-0.000000,-0.477572,0.000000,0.419239,0.000000,-0.157834,0.000000,0.226051,0.000000,-0.348514,0.000000,-0.145712,0.000000,0.358899,0.000000,0.138351,-0.000000,-0.334839,0.000000,-0.160812,0.000000,0.497836,0.000000,-0.476889,0.000000,0.051677,0.000000,0.243505,0.000000,0.131878,0.000000,0.000343,0.000000,-0.443168,0.000000,0.021587,0.000000
0.297797,0.084764,-0.031240,0.128505,0.108029,-0.279469,-0.276358,0.207111,0.074297,-0.040474,0.145734,-0.045239,0.054122,0.272794,0.089947,0.059318,0.069668,-0.025978,-0.198544,-0.365396,0.117145,0.404100,-0.175172,-0.038181,0.237407,-0.033723,-0.018282,0.173452,0.032095,0.192531,0.197473,-0.295956,-0.257403,-0.119213,0.291841,0.378175,0.296393,0.498277,0.498114,0.159972,-0.116473,0.009028,0.004665,-0.022857,0.223832,0.456165,0.260978,-0.263630,-0.635927,-0.361925,-0.255600,-0.216824,0.266636,0.248898,-0.210628,-0.313883,-0.291644,-0.004282,-0.018673,-0.208139,0.162881,0.092518,0.006565,-0.090101,-0.135774,0.308926,0.064765,-0.128700
0.009055,0.000000,-0.442674,0.000000,0.349977,0.000000,-0.350829,0.000000,0.112472,0.000000,0.205670,0.000000,0.173287,0.000000,-0.071084,-0.000000,-0.240650,0.000000,0.263404,0.000000,-0.002167,-0.000000,-0.432022,0.000000,0.376510,-0.000000,-0.384602,0.000000,0.100117,0.000000,0.013609,0.000000,0.377934,0.000000,-0.094519,0.000000,-0.125833,0.000000,0.111928,0.000000,-0.053433,0.000000,0.168871,0.000000,-0.344543,0.000000,0.191069,0.000000,-0.311460,0.000000,0.228361,0.000000,0.003361,0.000000,0.120617,0.000000,-0.316799,0.000000,-0.068430,0.000000,0.309506,0.000000,0.010370,0.000000,-0.047204,0.000000,-0.072282,0.000000
-0.122190,-0.092259,-0.212884,0.206049,0.575311,0.477571,-0.011758,0.105174,0.064501,-0.432949,-0.137022,0.305773,0.502591,0.141765,-0.303587,-0.373990,-0.044567,0.467790,0.360672,-0.090758,-0.290153,-0.364403,-0.435573,0.015761,0.123009,-0.450322,-0.545746,-0.222622,-0.258505,-0.122640,-0.007380,0.031451,0.157338,-0.039592,0.069822,0.048761,0.016089,-0.074183,-0.220403,-0.426355,-0.504599,-0.475663,-0.361176,-0.197164,-0.300266,-0.394179,-0.192978,0.255649,0.052309,-0.120376,0.295611,0.265821,-0.171343,-0.138403,0.135698,-0.024467,-0.479033,-0.341581,-0.102380,-0.181180,0.019161,-0.074035,0.013536,0.081683,-0.315815,-0.223434,0.035566,0.016871
0.181409,0.000000,-0.096885,0.000000,0.117024,0.000000,-0.255433,0.000000,0.344307,0.000000,-0.352538,0.000000,0.384357,0.000000,-0.303866,0.000000,0.057717,0.000000,0.080908,0.000000,-0.122979,0.000000,-0.090484,0.000000,0.304069,0.000000,-0.033946,0.000000,-0.271866,0.000000,0.062820,0.000000,-0.055118,0.000000,0.224995,0.000000,0.183433,0.000000,-0.052196,0.000000,-0.053747,0.000000,-0.218396,0.000000,0.335353,0.000000,-0.438494,0.000000,0.280806,0.000000,0.217417,-0.000000,-0.473464,0.000000,0.313649,0.000000,-0.275218,0.000000,0.386431,0.000000,-0.015968,0.000000,0.009055,0.000000,-0.442674,0.000000,0.349977,0.000000
0.357078,0.190885,-0.015354,-0.030189,-0.019508,-0.000018,-0.011603,0.120317,0.435788,0.460386,0.102649,-0.071421,-0.002615,0.026377,-0.062826,-0.039231,-0.324144,-0.355312,-0.023337,-0.000630,0.166363,0.452975,0.095366,-0.292377,0.054696,0.414500,0.296044,0.279964,0.240757,0.163911,0.088319,-0.060463,0.092341,0.347467,0.002389,-0.495400,-0.346331,-0.178228,0.283768,0.442065,0.125012,-0.009811,0.069838,0.112400,0.132854,0.274514,0.170518,0.039969,0.146220,0.054590,0.058075,-0.183301,-0.514415,0.024156,0.527170,0.257400,-0.181962,-0.081997,0.081975,-0.093228,0.066934,0.035044,0.184577,0.396518,-0.055398,-0.183892,0.033354,0.324694
0.377934,0.000000,-0.094519,0.000000,-0.125833,0.000000,0.111928,0.000000,-0.053433,0.000000,0.168871,0.000000,-0.344543,0.000000,0.191069,0.000000,-0.311460,0.000000,0.228361,0.000000,0.003361,0.000000,0.120617,0.000000,-0.316799,0.000000,-0.068430,0.000000,0.309506,0.000000,0.010370,0.000000,-0.047204,0.000000,-0.072282,0.000000,-0.202468,0.000000,0.355894,0.000000,-0.128483,0.000000,0.255484,0.000000,-0.456558,0.000000,0.465048,0.000000,-0.082924,0.000000,0.027444,0.000000,-0.396221,0.000000,0.459134,0.000000,-0.264108,0.000000,-0.047256,0.000000,0.208020,0.000000,-0.071463,0.000000,0.119252,0.000000,-0.424070,0.000000
0.295368,-0.030821,-0.130488,-0.440672,-0.379323,-0.020010,0.118827,0.039179,-0.226482,-0.481625,-0.001453,0.171740,-0.430651,-0.480542,0.114968,0.479942,0.107765,-0.077390,-0.034918,0.019136,0.063087,0.000477,0.084327,-0.027461,-0.447640,-0.224782,0.110968,0.210338,0.179012,-0.009825,0.312544,0.287166,0.036828,-0.150995,-0.060027,0.460608,0.311550,0.252962,0.322938,0.023539,0.051635,0.403177,0.625858,0.154524,-0.201038,-0.108270,-0.132981,-0.131884,0.275363,0.420714,0.102569,-0.074351,-0.107256,0.095859,0.109357,0.007231,0.216449,0.494008,0.253748,0.257967,0.086939,-0.321091,-0.086761,0.010907,0.309661,0.240636,-0.227024,-0.239365
-0.216196,0.000000,0.305035,0.000000,-0.172131,0.000000,0.106557,0.000000,0.042913,0.000000,0.138107,-0.000000,-0.207957,0.000000,0.039467,0.000000,0.124437,0.000000,-0.239942,0.000000,0.103201,0.000000,0.075020,0.000000,-0.326238,0.000000,0.304812,-0.000000,-0.151994,0.000000,0.337377,0.000000,-0.015310,0.000000,-0.357384,0.000000,0.111998,0.000000,0.013480,0.000000,-0.194963,0.000000,0.438530,0.000000,0.008228,-0.000000,-0.490855,0.000000,0.344820,0.000000,-0.168669,0.000000,0.160202,-0.000000,-0.343510,0.000000,0.195766,0.000000,-0.197222,0.000000,0.028982,0.000000,0.208125,0.000000,0.248527,0.000000,-0.031249,0.000000
0.110860,0.338924,0.359216,0.329904,0.024610,-0.452861,-0.441702,-0.184561,0.346433,0.450156,-0.036349,-0.357095,-0.015222,0.476890,0.049477,-0.498311,-0.247719,0.001416,-0.007514,0.313983,0.115439,-0.490374,-0.230275,-0.011249,-0.240118,0.129118,0.037554,-0.421641,-0.479957,-0.331162,0.216707,0.202204,0.223675,0.077023,-0.381666,-0.430775,-0.430612,-0.488700,-0.573415,-0.453216,-0.314899,-0.316972,-0.177817,-0.038697,-0.000534,-0.251405,-0.220877,0.083088,-0.080944,-0.116331,0.018377,0.008106,-0.252749,-0.398589,-0.267879,-0.180091,-0.038256,-0.076219,-0.219014,-0.173643,-0.222103,0.143127,0.111482,-0.478266,-0.338696,-0.096825,0.168350,0.352303
0.117024,0.000000,-0.255433,0.000000,0.344307,0.000000,-0.352538,0.000000,0.384357,0.000000,-0.303866,0.000000,0.057717,0.000000,0.080908,0.000000,-0.122979,0.000000,-0.090484,0.000000,0.304069,0.000000,-0.033946,0.000000,-0.271866,0.000000,0.062820,0.000000,-0.055118,0.000000,0.224995,0.000000,0.183433,0.000000,-0.052196,0.000000,-0.053747,0.000000,-0.218396,0.000000,0.335353,0.000000,-0.438494,0.000000,0.280806,0.000000,0.217417,0.000000,-0.473464,0.000000,0.313649,0.000000,-0.275218,0.000000,0.386431,0.000000,-0.015968,0.000000,0.009055,0.000000,-0.442674,0.000000,0.349977,0.000000,-0.350829,0.000000,0.112472,0.000000
